Date,Open,High,Low,Close,Volume,MA5,MA20,RSI,MACD,Signal_Line,Sentiment_Score,Predicted_Next_Close
2022-01-03,178.32,179.09,175.84,177.74,1930957.0,177.74,177.74,50.0,0.0,0.0,0.0,180.23
2022-01-04,178.48,181.26,178.02,180.23,2522194.0,178.98,178.98,100.0,0.2,0.04,0.0,179.49
2022-01-05,177.13,181.78,177.0,179.49,2952404.0,179.15,179.15,77.09,0.29,0.09,0.0,178.0
2022-01-06,180.88,181.28,177.54,178.0,2505540.0,178.86,178.86,52.75,0.24,0.12,0.0,179.95
2022-01-07,178.13,180.49,177.22,179.95,2800232.0,179.08,179.08,66.57,0.36,0.17,0.0,177.41
2022-01-10,179.45,179.83,176.78,177.41,2317980.0,179.02,178.8,48.21,0.24,0.18,0.0,178.98
2022-01-11,178.0,179.55,176.42,178.98,2259038.0,178.77,178.83,55.75,0.27,0.2,0.0,179.42
2022-01-12,179.0,180.01,178.59,179.42,1728455.0,178.75,178.9,57.49,0.33,0.23,0.48,181.02
2022-01-13,179.88,181.34,179.03,181.02,2094693.0,179.36,179.14,62.79,0.5,0.28,0.0,178.74
2022-01-14,180.86,180.86,177.67,178.74,2286143.0,179.11,179.1,53.31,0.44,0.31,0.0,178.28
2022-01-18,178.18,178.55,176.17,178.28,2400098.0,179.29,179.02,51.74,0.36,0.32,0.0,178.48
2022-01-19,179.83,180.87,177.63,178.48,1945301.0,179.19,178.98,52.35,0.3,0.32,0.0,173.57
2022-01-20,178.58,179.22,173.31,173.57,2817298.0,178.02,178.56,39.91,-0.14,0.23,0.35,172.65
2022-01-21,173.4,176.02,172.56,172.65,3479056.0,176.34,178.14,38.21,-0.55,0.07,0.0,172.8
2022-01-24,171.86,173.21,168.83,172.8,4713659.0,175.16,177.78,38.64,-0.86,-0.12,0.0,173.75
2022-01-25,173.53,174.56,168.01,173.75,5051122.0,174.25,177.53,33.96,-1.01,-0.29,0.23,169.3
2022-01-26,174.28,175.25,168.2,169.3,4409950.0,172.41,177.05,28.69,-1.48,-0.53,0.0,170.16
2022-01-27,169.1,172.12,168.44,170.16,2783567.0,171.73,176.66,33.16,-1.76,-0.78,0.0,163.1
2022-01-28,168.39,168.75,160.54,163.1,6221557.0,169.82,175.95,20.32,-2.52,-1.13,0.0,166.02
2022-01-31,162.7,166.29,161.59,166.02,5090398.0,168.47,175.45,30.21,-2.85,-1.47,0.0,167.43
2022-02-01,165.59,167.96,164.76,167.43,2988055.0,167.2,174.94,29.81,-2.97,-1.77,0.0,166.66
2022-02-02,167.8,169.25,165.8,166.66,3191335.0,166.67,174.26,27.95,-3.09,-2.03,0.0,164.39
2022-02-03,166.26,166.73,164.1,164.39,2608683.0,165.52,173.51,21.92,-3.33,-2.29,0.0,160.73
2022-02-04,163.79,164.74,160.1,160.73,4046463.0,165.05,172.64,20.94,-3.77,-2.59,0.0,161.17
2022-02-07,160.75,162.31,160.01,161.17,2441131.0,164.08,171.7,22.38,-4.04,-2.88,0.0,162.41
2022-02-08,161.43,163.11,160.32,162.41,2373928.0,163.07,170.95,24.9,-4.11,-3.13,0.0,163.64
2022-02-09,163.55,164.26,161.93,163.64,2143632.0,162.47,170.19,32.47,-4.01,-3.3,0.0,159.74
2022-02-10,162.01,162.79,159.02,159.74,3633165.0,161.54,169.2,29.38,-4.2,-3.48,0.0,159.54
2022-02-11,160.16,161.6,158.8,159.54,3632727.0,161.3,168.13,28.86,-4.32,-3.65,0.46,158.01
2022-02-14,159.35,159.59,155.36,158.01,4634377.0,160.67,167.09,25.36,-4.49,-3.82,0.57,157.34
2022-02-15,158.72,159.08,156.25,157.34,3336453.0,159.65,166.04,28.76,-4.62,-3.98,0.0,155.63
2022-02-16,157.0,158.0,154.11,155.63,4470039.0,158.05,164.9,24.96,-4.81,-4.14,0.0,148.64
2022-02-17,150.85,151.47,148.48,148.64,6207686.0,155.83,163.66,25.02,-5.46,-4.41,-0.88,147.62
2022-02-18,148.2,149.71,147.24,147.62,5018786.0,153.45,162.4,15.98,-5.98,-4.72,0.0,146.75
2022-02-22,148.2,148.51,145.88,146.75,4504580.0,151.2,161.1,10.98,-6.4,-5.06,0.0,144.38
2022-02-23,146.75,147.33,144.13,144.38,3846644.0,148.6,159.63,10.36,-6.84,-5.41,0.0,143.7
2022-02-24,142.1,143.89,139.74,143.7,6107081.0,146.22,158.35,10.98,-7.16,-5.76,0.0,150.51
2022-02-25,144.41,151.76,144.35,150.51,6732652.0,146.59,157.37,32.77,-6.79,-5.97,-0.0,148.65
2022-02-28,149.29,149.63,146.75,148.65,4215262.0,146.8,156.65,29.86,-6.57,-6.09,0.0,144.75
2022-03-01,148.58,149.02,144.15,144.75,3313911.0,146.4,155.58,23.83,-6.63,-6.2,0.0,147.22
2022-03-02,145.61,148.37,144.92,147.22,3734597.0,146.97,154.57,26.53,-6.41,-6.24,-0.29,148.3
2022-03-03,148.52,149.99,147.52,148.3,3804163.0,147.89,153.66,32.21,-6.07,-6.21,0.0,146.73
2022-03-04,146.16,147.69,145.74,146.73,3235378.0,147.13,152.77,30.9,-5.87,-6.14,0.62,143.28
2022-03-07,145.74,145.74,142.57,143.28,4553995.0,146.06,151.9,29.22,-5.92,-6.09,0.0,145.4
2022-03-08,145.24,149.47,143.26,145.4,4605285.0,146.19,151.11,33.82,-5.72,-6.02,0.0,146.6
2022-03-09,147.86,149.26,146.49,146.6,3337263.0,146.06,150.32,37.59,-5.4,-5.9,-0.48,143.93
2022-03-10,145.34,145.96,143.33,143.93,3794041.0,145.19,149.34,42.66,-5.3,-5.78,0.0,140.96
2022-03-11,143.47,144.48,140.83,140.96,4149412.0,144.03,148.4,40.21,-5.4,-5.7,0.0,143.48
2022-03-14,141.45,145.29,141.45,143.48,3910123.0,144.07,147.59,45.42,-5.22,-5.61,0.35,144.31
2022-03-15,144.87,145.48,142.59,144.31,3337321.0,143.86,146.91,49.9,-4.95,-5.47,0.0,145.51
2022-03-16,144.76,146.27,142.84,145.51,3814018.0,143.64,146.32,52.61,-4.59,-5.3,-0.17,147.69
2022-03-17,145.31,147.71,144.15,147.69,2786929.0,144.39,145.92,45.3,-4.07,-5.05,-0.24,148.32
2022-03-18,147.07,148.45,145.22,148.32,7692611.0,145.86,145.9,49.43,-3.58,-4.76,0.0,148.58
2022-03-21,148.69,149.74,147.4,148.58,4513562.0,146.88,145.95,57.61,-3.13,-4.43,0.0,149.94
2022-03-22,149.45,150.84,148.5,149.94,4250846.0,148.01,146.11,55.66,-2.63,-4.07,0.0,147.68
2022-03-23,149.69,149.78,147.56,147.68,2637203.0,148.44,146.28,48.77,-2.39,-3.74,0.0,148.98
2022-03-24,148.12,149.23,147.4,148.98,2028114.0,148.7,146.54,54.51,-2.07,-3.4,0.8,150.46
2022-03-25,149.27,151.18,148.91,150.46,2240622.0,149.13,146.54,65.62,-1.68,-3.06,0.0,149.47
2022-03-28,149.93,150.13,147.19,149.47,2680123.0,149.31,146.58,59.31,-1.43,-2.73,0.0,152.08
2022-03-29,151.0,152.92,150.04,152.08,2693238.0,149.73,146.95,61.78,-1.02,-2.39,0.0,151.43
2022-03-30,151.33,153.26,150.77,151.43,2395334.0,150.48,147.16,67.66,-0.73,-2.06,0.0,148.88
2022-03-31,150.45,151.25,148.8,148.88,3194048.0,150.46,147.19,69.02,-0.7,-1.79,0.0,149.69
2022-04-01,149.63,149.86,146.85,149.69,2196606.0,150.31,147.33,66.25,-0.6,-1.55,0.0,149.53
2022-04-04,149.06,150.01,146.08,149.53,2632929.0,150.32,147.65,64.15,-0.53,-1.35,0.0,148.9
2022-04-05,148.65,150.63,148.51,148.9,2144791.0,149.69,147.82,59.49,-0.52,-1.18,0.0,150.3
2022-04-06,147.33,150.39,147.05,150.3,2705516.0,149.46,148.01,57.64,-0.4,-1.02,0.0,149.95
2022-04-07,149.39,150.47,147.56,149.95,2198961.0,149.67,148.31,54.85,-0.32,-0.88,0.0,149.81
2022-04-08,151.0,151.65,149.38,149.81,2790528.0,149.7,148.75,53.68,-0.27,-0.76,0.0,150.12
2022-04-11,150.45,152.22,149.96,150.12,2478764.0,149.82,149.08,50.58,-0.2,-0.65,0.0,148.58
2022-04-12,151.34,151.53,148.09,148.58,2613072.0,149.75,149.3,53.02,-0.27,-0.57,0.0,148.66
2022-04-13,148.52,149.17,147.57,148.66,1992148.0,149.42,149.45,48.83,-0.31,-0.52,0.0,147.38
2022-04-14,148.65,149.59,147.21,147.38,2331068.0,148.91,149.44,38.59,-0.45,-0.51,0.0,146.18
2022-04-18,147.45,148.33,145.75,146.18,1775838.0,148.18,149.33,38.0,-0.64,-0.53,0.25,150.1
2022-04-19,146.85,150.59,146.85,150.1,2296031.0,148.18,149.41,43.41,-0.47,-0.52,0.0,150.59
2022-04-20,150.81,152.5,150.53,150.59,1930718.0,148.58,149.44,47.17,-0.3,-0.48,0.0,151.77
2022-04-21,151.98,153.1,151.31,151.77,2337396.0,149.2,149.64,60.71,-0.06,-0.39,0.67,149.17
2022-04-22,150.8,150.99,148.24,149.17,3157404.0,149.56,149.65,48.3,-0.08,-0.33,0.0,148.6
2022-04-25,148.71,149.03,145.88,148.6,3432186.0,150.05,149.56,47.04,-0.15,-0.29,0.0,144.22
2022-04-26,145.41,146.98,142.87,144.22,4800387.0,148.87,149.3,37.96,-0.54,-0.34,0.0,144.21
2022-04-27,144.78,146.08,143.73,144.21,3124401.0,147.59,148.9,33.13,-0.85,-0.44,0.0,147.14
2022-04-28,144.75,147.73,144.12,147.14,2538992.0,146.67,148.69,43.19,-0.84,-0.52,0.0,144.22
2022-04-29,147.3,148.56,143.87,144.22,4152261.0,145.68,148.46,38.06,-1.06,-0.63,0.0,145.91
2022-05-02,144.51,147.5,143.78,145.91,3717302.0,145.14,148.27,41.51,-1.09,-0.72,0.0,148.08
2022-05-03,146.21,148.85,145.92,148.08,2508713.0,145.91,148.19,49.02,-0.92,-0.76,0.0,154.23
2022-05-04,149.0,154.66,147.88,154.23,3667131.0,147.92,148.46,58.84,-0.29,-0.67,-0.1,149.46
2022-05-05,153.17,153.65,148.23,149.46,3315935.0,148.38,148.42,52.97,-0.18,-0.57,0.0,149.53
2022-05-06,149.27,149.77,146.69,149.53,2470297.0,149.44,148.4,54.95,-0.08,-0.47,0.0,152.38
2022-05-09,148.44,153.77,147.94,152.38,4163133.0,150.74,148.53,53.48,0.23,-0.33,0.0,149.12
2022-05-10,154.0,154.04,148.14,149.12,3503463.0,150.94,148.48,47.93,0.21,-0.22,0.0,146.41
2022-05-11,149.99,150.13,146.17,146.41,2748214.0,149.38,148.37,42.77,-0.03,-0.18,0.0,149.59
2022-05-12,146.59,149.62,146.01,149.59,2819049.0,149.41,148.41,50.56,0.04,-0.14,0.0,149.3
2022-05-13,150.21,150.35,147.97,149.3,2753460.0,149.36,148.51,50.94,0.07,-0.1,0.0,150.5
2022-05-16,149.22,150.83,146.3,150.5,2713786.0,148.98,148.73,59.18,0.19,-0.04,0.0,152.34
2022-05-17,151.99,152.5,150.52,152.34,2106776.0,149.63,148.84,61.28,0.43,0.05,-0.15,148.93
2022-05-18,151.59,151.71,148.47,148.93,2958657.0,150.13,148.76,52.45,0.34,0.11,0.0,146.96
2022-05-19,146.2,148.9,144.11,146.96,2746664.0,149.61,148.51,53.85,0.1,0.11,0.0,143.83
2022-05-20,147.54,147.94,141.09,143.83,4195356.0,148.51,148.25,47.19,-0.33,0.02,0.0,144.38
2022-05-23,144.58,145.97,144.01,144.38,2836070.0,147.29,148.04,44.77,-0.62,-0.11,0.44,145.75
2022-05-24,144.35,146.22,141.0,145.75,2639024.0,145.97,148.11,36.14,-0.73,-0.23,0.22,145.79
2022-05-25,145.43,146.16,143.55,145.79,1876869.0,145.34,148.19,42.91,-0.81,-0.35,0.0,147.04
2022-05-26,146.74,148.81,146.7,147.04,2127269.0,145.36,148.19,45.4,-0.76,-0.43,-0.17,149.51
2022-05-27,148.21,149.52,147.87,149.51,1776677.0,146.49,148.45,44.62,-0.52,-0.45,0.0,149.29
2022-05-31,148.27,149.84,145.93,149.29,4144021.0,147.48,148.62,50.36,-0.34,-0.43,0.0,146.42
2022-06-01,149.33,149.49,145.6,146.42,2410422.0,147.61,148.54,50.02,-0.42,-0.43,-0.64,148.18
2022-06-02,147.52,148.29,144.5,148.18,1901516.0,148.09,148.24,46.85,-0.34,-0.41,0.0,145.97
2022-06-03,147.0,147.47,145.32,145.97,1876404.0,147.87,148.06,43.15,-0.45,-0.42,0.0,146.21
2022-06-06,146.39,147.3,145.65,146.21,1575658.0,147.21,147.89,40.81,-0.51,-0.44,0.0,146.87
2022-06-07,145.44,146.99,143.82,146.87,1805338.0,146.73,147.62,37.65,-0.5,-0.45,0.0,145.42
2022-06-08,145.56,146.61,144.29,145.42,1711433.0,146.53,147.43,41.31,-0.61,-0.48,0.0,144.18
2022-06-09,145.51,147.19,144.14,144.18,2168307.0,145.73,147.32,42.86,-0.78,-0.54,0.0,137.65
2022-06-10,142.0,142.47,137.58,137.65,5884846.0,144.07,146.73,36.48,-1.43,-0.72,0.02,136.37
2022-06-13,136.73,138.34,135.62,136.37,4115993.0,142.1,146.08,33.02,-2.02,-0.98,0.0,135.25
2022-06-14,136.68,138.35,134.4,135.25,2675159.0,139.77,145.32,27.51,-2.55,-1.29,0.0,134.33
2022-06-15,135.76,136.68,133.06,134.33,3271129.0,137.56,144.42,26.34,-3.01,-1.64,0.0,130.94
2022-06-16,132.55,132.55,130.33,130.94,3728204.0,134.91,143.52,19.46,-3.61,-2.03,0.0,129.84
2022-06-17,130.77,131.88,128.72,129.84,7181134.0,133.35,142.66,10.64,-4.12,-2.45,-0.7,130.01
2022-06-21,130.34,131.08,129.27,130.01,3728407.0,132.07,141.97,11.35,-4.46,-2.85,0.0,130.4
2022-06-22,128.77,131.58,128.19,130.4,2901347.0,131.1,141.27,14.34,-4.65,-3.21,0.2,130.15
2022-06-23,130.21,131.07,128.5,130.15,2241021.0,130.27,140.49,6.97,-4.76,-3.52,0.0,134.33
2022-06-24,131.53,134.55,131.24,134.33,3659357.0,130.95,139.92,24.61,-4.46,-3.71,0.0,132.8
2022-06-27,134.41,134.67,132.29,132.8,2388626.0,131.54,139.21,22.3,-4.3,-3.83,0.0,130.33
2022-06-28,133.86,134.57,130.15,130.33,2411676.0,131.6,138.25,18.22,-4.32,-3.93,0.0,129.77
2022-06-29,130.0,130.34,128.81,129.77,2821141.0,131.48,137.27,18.86,-4.33,-4.01,0.0,129.41
2022-06-30,128.71,130.21,127.3,129.41,3341148.0,131.33,136.42,19.55,-4.32,-4.07,0.0,128.49
2022-07-01,129.41,129.83,126.61,128.49,3720829.0,130.16,135.44,25.43,-4.33,-4.12,0.0,129.21
2022-07-05,126.98,129.44,125.6,129.21,3905522.0,129.44,134.6,30.2,-4.24,-4.15,0.0,129.84
2022-07-06,129.5,130.99,127.96,129.84,3031590.0,129.34,133.78,34.62,-4.06,-4.13,-0.34,130.05
2022-07-07,130.13,130.31,127.57,130.05,3449723.0,129.4,132.94,37.32,-3.87,-4.08,0.94,128.72
2022-07-08,129.82,130.16,128.14,128.72,2191302.0,129.26,132.1,42.51,-3.77,-4.02,0.0,129.01
2022-07-11,128.73,130.51,128.55,129.01,2693366.0,129.37,131.34,47.04,-3.63,-3.94,0.36,130.2
2022-07-12,129.16,132.03,129.06,130.2,2638143.0,129.56,130.97,50.63,-3.39,-3.83,0.0,128.37
2022-07-13,128.0,129.49,127.67,128.37,2490288.0,129.27,130.57,43.84,-3.3,-3.72,0.44,128.31
2022-07-14,126.98,128.54,125.88,128.31,2525645.0,128.92,130.23,44.35,-3.2,-3.62,0.0,130.13
2022-07-15,129.87,130.34,128.25,130.13,2638640.0,129.2,130.02,34.91,-2.94,-3.48,0.0,128.91
2022-07-18,130.19,130.82,128.52,128.91,2540036.0,129.18,129.91,35.71,-2.8,-3.35,-0.62,132.13
2022-07-19,130.4,132.27,130.06,132.13,2812741.0,129.57,130.03,56.27,-2.41,-3.16,0.0,133.01
2022-07-20,132.12,133.47,131.85,133.01,2005433.0,130.5,130.18,61.04,-2.0,-2.93,0.0,133.95
2022-07-21,133.04,133.99,132.37,133.95,1669052.0,131.63,130.36,64.88,-1.58,-2.66,0.0,134.12
2022-07-22,134.65,134.95,133.48,134.12,1760049.0,132.42,130.55,69.4,-1.22,-2.37,0.0,134.12
2022-07-25,134.0,135.1,133.78,134.12,2354081.0,133.47,130.54,67.8,-0.92,-2.08,0.0,140.75
2022-07-26,143.51,145.7,138.52,140.75,12551208.0,135.19,130.94,77.56,-0.15,-1.69,0.4,138.86
2022-07-27,139.62,140.21,137.57,138.86,5030293.0,136.36,131.37,70.52,0.3,-1.3,0.0,140.37
2022-07-28,139.9,140.63,138.3,140.37,3094219.0,137.64,131.9,76.91,0.78,-0.88,-0.01,143.24
2022-07-29,140.77,143.72,139.82,143.24,3998306.0,139.47,132.59,79.36,1.37,-0.43,0.94,143.36
2022-08-01,142.15,144.06,141.58,143.36,2855911.0,141.32,133.33,78.41,1.83,0.02,0.0,141.75
2022-08-02,142.59,143.56,141.63,141.75,2697932.0,141.52,133.96,79.16,2.03,0.42,0.0,143.49
2022-08-03,141.9,143.81,141.55,143.49,2735485.0,142.44,134.64,80.83,2.31,0.8,0.0,148.12
2022-08-04,143.49,148.33,143.2,148.12,5904863.0,143.99,135.55,82.79,2.88,1.22,0.0,147.41
2022-08-05,147.01,148.49,146.39,147.41,4187422.0,144.83,136.48,84.36,3.23,1.62,-0.1,148.48
2022-08-08,148.03,150.15,147.58,148.48,3148509.0,145.85,137.45,83.0,3.55,2.01,0.38,147.84
2022-08-09,148.31,149.05,147.19,147.84,3033642.0,147.07,138.34,80.23,3.71,2.35,0.08,149.38
2022-08-10,149.88,150.61,148.84,149.38,2547090.0,148.25,139.39,80.7,3.92,2.66,0.0,149.66
2022-08-11,150.0,151.44,149.37,149.66,2298347.0,148.55,140.45,80.78,4.06,2.94,0.83,152.24
2022-08-12,150.37,152.3,150.0,152.24,2347064.0,149.52,141.56,82.57,4.33,3.22,0.32,151.43
2022-08-15,151.39,152.1,150.48,151.43,2338168.0,150.11,142.69,74.27,4.43,3.46,0.0,150.26
2022-08-16,150.47,151.31,148.88,150.26,4392501.0,150.59,143.59,76.79,4.36,3.64,0.0,147.43
2022-08-17,148.44,148.79,147.07,147.43,4876891.0,150.2,144.31,65.62,4.03,3.72,0.0,146.68
2022-08-18,147.4,147.44,145.38,146.68,5654302.0,149.61,144.95,58.4,3.67,3.71,0.0,145.2
2022-08-19,144.61,145.65,143.21,145.2,12713248.0,148.2,145.5,54.21,3.22,3.61,-0.85,141.59
2022-08-22,143.28,143.68,141.03,141.59,10183357.0,146.23,145.88,49.66,2.55,3.4,0.0,141.75
2022-08-23,141.0,142.42,140.71,141.75,15358361.0,144.53,145.93,46.09,2.01,3.12,0.0,141.04
2022-08-24,140.91,141.59,139.71,141.04,15430538.0,143.25,146.04,30.7,1.5,2.8,0.0,142.76
2022-08-25,141.07,143.27,140.64,142.76,47355610.0,142.47,146.16,37.98,1.22,2.48,0.0,129.14
2022-08-26,143.64,144.01,128.68,129.14,38384100.0,139.26,145.45,19.69,-0.09,1.97,0.0,126.44
2022-08-29,128.79,128.79,125.27,126.44,50064338.0,136.23,144.6,18.49,-1.34,1.31,0.0,124.86
2022-08-30,126.89,127.74,123.03,124.86,34478535.0,132.85,143.76,13.94,-2.42,0.56,0.0,124.35
2022-08-31,124.85,126.46,123.61,124.35,31642145.0,129.51,142.8,13.03,-3.29,-0.21,0.0,125.63
2022-09-01,124.3,126.39,123.67,125.63,31014352.0,126.08,141.68,9.6,-3.83,-0.93,0.0,121.65
2022-09-02,126.03,126.37,121.15,121.65,12321035.0,124.59,140.39,8.75,-4.52,-1.65,0.0,116.6
2022-09-06,121.36,121.5,115.98,116.6,28709647.0,122.62,138.8,7.9,-5.42,-2.4,0.0,120.55
2022-09-07,116.64,121.24,116.02,120.55,37568710.0,121.76,137.43,17.3,-5.74,-3.07,0.0,119.27
2022-09-08,118.39,119.79,117.16,119.27,25741436.0,120.74,135.93,17.08,-6.03,-3.66,0.0,123.1
2022-09-09,121.27,123.28,119.87,123.1,26220314.0,120.23,134.6,24.87,-5.89,-4.11,0.0,124.25
2022-09-12,124.32,126.52,123.97,124.25,18971902.0,120.75,133.2,29.12,-5.62,-4.41,0.0,120.47
2022-09-13,122.11,124.6,120.22,120.47,7765463.0,121.53,131.65,26.43,-5.64,-4.66,0.0,117.53
2022-09-14,120.58,120.58,116.31,117.53,5670514.0,120.92,130.01,25.18,-5.83,-4.89,0.0,116.42
2022-09-15,117.82,118.74,116.07,116.42,4052770.0,120.35,128.46,21.83,-6.0,-5.11,0.0,116.61
2022-09-16,114.7,117.31,114.11,116.61,7261931.0,119.06,126.96,31.2,-6.05,-5.3,0.0,116.64
2022-09-19,116.01,116.91,115.28,116.64,3190303.0,117.53,125.53,34.02,-6.01,-5.44,0.0,116.52
2022-09-20,115.3,117.2,114.75,116.52,4155161.0,116.74,124.28,35.72,-5.93,-5.54,0.0,114.81
2022-09-21,116.83,118.03,114.8,114.81,3735821.0,116.2,122.93,34.31,-5.93,-5.62,0.0,114.14
2022-09-22,114.16,115.05,113.43,114.14,3656931.0,115.74,121.59,30.72,-5.92,-5.68,0.0,112.99
2022-09-23,113.73,114.17,111.62,112.99,3683736.0,115.02,120.1,33.94,-5.94,-5.73,0.0,113.0
2022-09-26,112.76,113.81,112.23,113.0,3598144.0,114.29,119.29,41.79,-5.88,-5.76,0.0,112.41
2022-09-27,114.13,114.13,111.42,112.41,3324265.0,113.47,118.59,28.07,-5.81,-5.77,0.0,114.28
2022-09-28,113.51,114.71,113.06,114.28,3677791.0,113.36,118.06,36.97,-5.55,-5.73,0.0,112.3
2022-09-29,112.96,113.4,111.6,112.3,2315860.0,113.0,117.46,18.79,-5.44,-5.67,0.88,110.5
2022-09-30,112.0,113.15,110.39,110.5,3112788.0,112.5,116.7,11.7,-5.43,-5.62,0.0,113.22
2022-10-03,111.69,114.02,110.91,113.22,2915965.0,112.54,116.28,28.54,-5.14,-5.53,0.0,115.62
2022-10-04,114.74,115.98,114.69,115.62,2802675.0,113.18,116.23,44.16,-4.67,-5.35,0.0,115.17
2022-10-05,114.34,116.1,113.42,115.17,2560131.0,113.36,115.96,46.02,-4.28,-5.14,0.0,111.12
2022-10-06,114.35,114.94,110.21,111.12,4328135.0,113.13,115.56,35.96,-4.25,-4.96,0.0,107.52
2022-10-07,110.37,110.76,107.08,107.52,4296470.0,112.53,114.78,30.28,-4.47,-4.86,0.0,108.46
2022-10-10,108.53,109.12,107.19,108.46,2582369.0,111.58,113.99,33.17,-4.51,-4.79,0.0,108.84
2022-10-11,108.5,110.45,107.95,108.84,2895358.0,110.22,113.4,36.8,-4.46,-4.73,0.0,108.95
2022-10-12,108.57,109.7,108.24,108.95,2751148.0,108.98,112.98,38.23,-4.37,-4.65,0.0,114.26
2022-10-13,107.5,114.83,107.07,114.26,4772741.0,109.61,112.87,52.42,-3.82,-4.49,0.0,113.63
2022-10-14,114.26,115.16,112.85,113.63,3460027.0,110.83,112.72,51.17,-3.39,-4.27,0.0,113.86
2022-10-17,115.31,115.72,113.29,113.86,3003664.0,111.91,112.58,52.74,-3.0,-4.01,0.0,115.95
2022-10-18,115.74,116.4,114.45,115.95,2564178.0,113.33,112.55,53.13,-2.5,-3.71,0.0,114.2
2022-10-19,115.1,115.68,113.24,114.2,2578747.0,114.38,112.52,53.59,-2.21,-3.41,0.0,113.11
2022-10-20,113.98,115.65,112.89,113.11,3142888.0,114.15,112.47,55.07,-2.05,-3.14,0.0,116.81
2022-10-21,113.15,116.94,113.05,116.81,3342468.0,114.79,112.66,56.72,-1.61,-2.83,0.0,118.38
2022-10-24,117.53,119.14,117.19,118.38,3394104.0,115.69,112.93,55.33,-1.11,-2.49,0.0,118.5
2022-10-25,113.51,118.6,113.15,118.5,5014713.0,116.2,113.23,56.51,-0.71,-2.13,0.0,122.7
2022-10-26,119.59,123.29,119.59,122.7,4629026.0,117.9,113.66,72.51,-0.04,-1.71,0.0,122.8
2022-10-27,123.49,124.45,122.03,122.8,3716587.0,119.84,114.18,84.38,0.49,-1.27,0.78,126.6
2022-10-28,122.98,126.67,122.51,126.6,3812614.0,121.8,114.99,86.16,1.2,-0.78,0.0,125.79
2022-10-31,126.1,126.45,125.36,125.79,4326370.0,123.28,115.61,83.22,1.68,-0.29,0.0,125.3
2022-11-01,126.77,127.1,124.57,125.3,2131855.0,124.64,116.1,81.58,1.99,0.17,0.56,122.86
2022-11-02,125.04,126.81,122.65,122.86,2561872.0,124.67,116.48,68.68,2.02,0.54,0.0,122.85
2022-11-03,121.98,124.28,121.12,122.85,2006927.0,124.68,117.07,70.58,2.02,0.83,0.34,124.84
2022-11-04,124.46,125.37,123.16,124.84,2320755.0,124.33,117.93,72.72,2.16,1.1,0.0,124.68
2022-11-07,124.63,125.15,123.3,124.68,1914378.0,124.11,118.75,69.64,2.23,1.33,0.0,125.35
2022-11-08,125.36,126.64,124.04,125.35,1824829.0,124.12,119.57,76.36,2.31,1.52,-0.4,123.83
2022-11-09,125.29,125.68,123.72,123.83,1782368.0,124.31,120.32,74.84,2.23,1.66,0.0,129.15
2022-11-10,127.66,129.26,126.87,129.15,3159731.0,125.57,121.06,76.59,2.56,1.84,0.0,132.98
2022-11-11,129.59,133.49,129.15,132.98,3429332.0,127.2,122.03,78.67,3.1,2.09,0.0,131.03
2022-11-14,132.55,133.91,130.94,131.03,2615354.0,128.47,122.89,72.96,3.33,2.34,0.0,131.22
2022-11-15,132.52,133.48,129.77,131.22,2515050.0,129.64,123.65,68.3,3.49,2.57,0.0,128.74
2022-11-16,131.44,131.44,128.41,128.74,3208298.0,130.62,124.38,61.57,3.37,2.73,0.0,127.15
2022-11-17,126.15,127.22,124.67,127.15,2249472.0,130.22,125.08,51.17,3.12,2.81,0.22,126.76
2022-11-18,128.0,128.34,125.9,126.76,3176446.0,128.98,125.58,52.11,2.85,2.82,0.0,127.63
2022-11-21,126.64,127.88,126.23,127.63,2153620.0,128.3,126.04,54.98,2.68,2.79,0.7,128.6
2022-11-22,128.15,128.67,127.32,128.6,1757291.0,127.78,126.54,63.08,2.59,2.75,0.0,128.0
2022-11-23,128.59,129.12,127.24,128.0,2349904.0,127.63,126.81,61.43,2.45,2.69,0.0,129.04
2022-11-25,128.88,129.82,128.52,129.04,882383.0,128.01,127.12,59.73,2.39,2.63,0.0,124.64
2022-11-28,128.11,128.58,124.12,124.64,2774046.0,127.58,127.02,49.92,1.96,2.5,0.0,126.13
2022-11-29,124.08,126.34,124.01,126.13,1863156.0,127.28,127.04,51.46,1.73,2.34,0.0,125.97
2022-11-30,125.9,126.25,121.36,125.97,5830640.0,126.76,127.07,54.23,1.51,2.18,-0.42,125.99
2022-12-01,127.3,128.87,125.31,125.99,2638939.0,126.35,127.23,42.09,1.32,2.0,0.0,126.99
2022-12-02,124.76,127.25,124.24,126.99,1821877.0,125.94,127.44,32.54,1.24,1.85,0.0,124.63
2022-12-05,125.07,125.46,124.27,124.63,2143071.0,125.94,127.43,31.78,0.98,1.68,0.0,124.58
2022-12-06,125.15,125.73,123.31,124.58,1919505.0,125.63,127.42,30.94,0.75,1.49,0.0,126.35
2022-12-07,124.33,127.31,124.1,126.35,2701571.0,125.71,127.47,42.85,0.71,1.34,0.0,126.0
2022-12-08,127.0,129.44,125.45,126.0,3785398.0,125.71,127.58,46.28,0.64,1.2,0.0,125.76
2022-12-09,126.78,127.53,125.67,125.76,2335026.0,125.46,127.41,46.74,0.56,1.07,0.0,126.85
2022-12-12,126.08,126.89,124.2,126.85,3877809.0,125.91,127.1,47.49,0.58,0.97,0.0,127.29
2022-12-13,129.45,130.02,126.47,127.29,3256867.0,126.45,126.92,45.64,0.62,0.9,0.0,126.09
2022-12-14,126.5,128.47,124.84,126.09,3095742.0,126.4,126.66,43.88,0.55,0.83,0.0,122.38
2022-12-15,124.79,125.08,121.75,122.38,3336730.0,125.67,126.34,31.78,0.19,0.7,0.0,121.69
2022-12-16,121.31,121.8,120.01,121.69,7599869.0,124.86,126.07,39.88,-0.14,0.53,0.0,122.13
2022-12-19,121.33,123.77,121.16,122.13,2440223.0,123.92,125.84,35.21,-0.37,0.35,0.0,120.81
2022-12-20,121.99,122.32,120.7,120.81,2902974.0,122.62,125.5,32.43,-0.65,0.15,-0.53,123.46
2022-12-21,121.83,123.84,121.51,123.46,2578120.0,122.09,125.24,42.69,-0.65,-0.01,-0.27,121.59
2022-12-22,122.22,122.5,119.2,121.59,2189473.0,121.94,124.92,35.15,-0.79,-0.16,-0.37,120.14
2022-12-23,120.79,121.0,117.8,120.14,2609395.0,121.63,124.47,37.0,-1.01,-0.33,0.0,120.22
2022-12-27,120.14,120.83,119.16,120.22,1811184.0,121.24,124.25,37.4,-1.16,-0.5,-0.57,118.29
2022-12-28,120.35,121.0,118.25,118.29,1961048.0,120.74,123.86,26.92,-1.42,-0.68,0.0,120.57
2022-12-29,118.87,120.86,118.5,120.57,2060929.0,120.16,123.59,36.0,-1.43,-0.83,-0.38,119.92
2022-12-30,119.65,120.03,118.51,119.92,2096006.0,119.83,123.29,35.25,-1.47,-0.96,0.0,122.47
2023-01-03,121.52,122.64,120.37,122.47,2612812.0,120.29,123.06,39.7,-1.28,-1.02,-0.34,125.15
2023-01-04,123.35,125.29,122.71,125.15,2769831.0,121.28,123.09,45.45,-0.9,-1.0,0.0,122.96
2023-01-05,124.21,124.57,122.46,122.96,2606564.0,122.21,123.01,43.61,-0.77,-0.95,0.0,126.72
2023-01-06,124.66,127.13,123.75,126.72,2417142.0,123.44,123.02,58.84,-0.36,-0.83,0.0,126.79
2023-01-09,127.0,129.46,126.11,126.79,2871264.0,124.82,123.06,60.66,-0.03,-0.67,0.0,128.13
2023-01-10,127.07,128.19,126.7,128.13,1648201.0,125.95,123.18,62.09,0.34,-0.47,0.0,129.12
2023-01-11,128.93,129.19,127.62,129.12,2013593.0,126.74,123.3,66.97,0.7,-0.24,0.0,129.35
2023-01-12,129.6,129.82,127.79,129.35,1839474.0,128.02,123.4,63.34,0.99,0.01,0.0,129.51
2023-01-13,128.42,129.61,128.2,129.51,1693354.0,128.58,123.57,69.45,1.23,0.25,0.0,126.6
2023-01-17,129.76,129.9,126.39,126.6,3510879.0,128.54,123.78,64.8,1.16,0.43,0.0,122.75
2023-01-18,126.85,127.19,122.26,122.75,4258480.0,127.47,123.83,54.94,0.79,0.51,0.0,118.43
2023-01-19,122.0,122.28,118.32,118.43,4979742.0,125.33,123.65,50.25,0.15,0.43,0.0,120.65
2023-01-20,118.55,120.71,116.76,120.65,4373522.0,123.59,123.64,50.14,-0.18,0.31,0.0,122.62
2023-01-23,120.61,123.9,120.41,122.62,3412184.0,122.21,123.6,54.62,-0.28,0.19,-0.19,115.0
2023-01-24,116.04,120.0,114.5,115.0,10276456.0,119.89,123.27,39.11,-0.96,-0.04,-0.35,112.93
2023-01-25,114.5,116.24,112.75,112.93,5993235.0,117.93,122.91,31.87,-1.65,-0.36,0.0,113.55
2023-01-26,113.51,114.1,111.76,113.55,4625624.0,116.95,122.58,35.36,-2.12,-0.71,0.0,115.25
2023-01-27,113.73,115.78,113.46,115.25,4114472.0,115.87,122.42,30.93,-2.33,-1.04,-0.17,112.58
2023-01-30,114.47,116.0,112.56,112.58,5902886.0,113.86,122.02,28.25,-2.68,-1.36,-0.15,115.08
2023-01-31,113.15,115.08,112.38,115.08,5071217.0,113.88,121.78,30.71,-2.73,-1.64,0.0,115.86
2023-02-01,114.55,116.74,113.65,115.86,3100796.0,114.46,121.45,30.28,-2.67,-1.84,0.0,120.29
2023-02-02,116.09,120.85,115.51,120.29,4917204.0,115.81,121.21,38.02,-2.24,-1.92,-0.28,117.49
2023-02-03,118.93,119.23,116.79,117.49,2682360.0,116.26,120.93,35.15,-2.1,-1.96,0.08,116.5
2023-02-06,116.79,117.26,115.88,116.5,2487459.0,117.04,120.42,36.9,-2.05,-1.98,-0.38,116.9
2023-02-07,115.82,117.21,114.77,116.9,2182743.0,117.41,119.93,41.66,-1.95,-1.97,0.0,115.25
2023-02-08,116.17,116.69,115.01,115.25,2511719.0,117.29,119.29,45.1,-1.98,-1.97,-0.74,112.93
2023-02-09,116.43,116.79,112.46,112.93,3601854.0,115.81,118.48,38.13,-2.17,-2.01,0.0,113.88
2023-02-10,113.23,114.22,112.7,113.88,2274503.0,115.09,117.7,36.13,-2.22,-2.05,0.0,115.28
2023-02-13,114.37,115.62,113.8,115.28,2247638.0,114.85,116.99,50.55,-2.12,-2.07,0.0,114.21
2023-02-14,114.79,115.08,112.95,114.21,2462299.0,114.31,116.37,52.64,-2.1,-2.07,0.0,114.79
2023-02-15,113.65,114.82,113.2,114.79,2531260.0,114.22,115.97,52.56,-2.02,-2.06,0.0,112.0
2023-02-16,112.5,113.34,110.76,112.0,2695116.0,114.03,115.65,43.58,-2.15,-2.08,0.34,112.99
2023-02-17,111.96,113.04,110.68,112.99,2827942.0,113.85,115.27,50.87,-2.15,-2.09,0.0,109.25
2023-02-21,112.0,112.4,109.18,109.25,3889126.0,112.65,114.6,38.29,-2.43,-2.16,0.0,108.94
2023-02-22,109.53,110.38,108.51,108.94,2655013.0,111.59,114.3,35.83,-2.64,-2.26,0.0,108.91
2023-02-23,109.7,110.29,108.01,108.91,2943789.0,110.42,114.1,21.58,-2.78,-2.36,0.0,107.8
2023-02-24,108.11,108.54,106.76,107.8,2862947.0,109.58,113.81,23.57,-2.94,-2.48,0.0,108.27
2023-02-27,108.86,110.69,108.2,108.27,3555985.0,108.63,113.46,26.9,-3.0,-2.58,0.0,107.74
2023-02-28,108.12,108.92,107.25,107.74,3380517.0,108.33,113.22,24.47,-3.06,-2.68,0.0,110.21
2023-03-01,111.04,112.33,109.74,110.21,4914735.0,108.59,112.97,36.57,-2.87,-2.72,0.0,109.9
2023-03-02,109.75,110.24,107.72,109.9,7590784.0,108.78,112.68,40.96,-2.71,-2.71,0.8,111.26
2023-03-03,110.78,111.99,109.61,111.26,3040811.0,109.48,112.22,42.37,-2.45,-2.66,0.0,109.93
2023-03-06,111.4,111.62,109.68,109.93,2820795.0,109.81,111.85,34.35,-2.32,-2.59,0.0,107.09
2023-03-07,110.0,110.01,107.04,107.09,3372823.0,109.68,111.38,31.12,-2.42,-2.56,0.0,107.16
2023-03-08,107.44,107.77,106.18,107.16,3434665.0,109.07,110.89,29.21,-2.47,-2.54,0.0,105.52
2023-03-09,107.66,108.56,105.42,105.52,3463725.0,108.19,110.4,31.16,-2.61,-2.55,0.23,104.06
2023-03-10,105.54,107.0,103.74,104.06,3693856.0,106.75,109.96,24.73,-2.8,-2.6,0.0,103.5
2023-03-13,103.67,104.68,102.73,103.5,4211092.0,105.47,109.44,30.16,-2.97,-2.68,0.45,102.78
2023-03-14,104.59,105.17,101.37,102.78,4772015.0,104.6,108.82,29.33,-3.12,-2.77,0.0,102.78
2023-03-15,101.32,102.82,100.27,102.78,4891663.0,103.73,108.24,29.39,-3.21,-2.85,0.0,104.21
2023-03-16,101.78,104.43,101.48,104.21,3642989.0,103.47,107.71,38.18,-3.12,-2.91,0.0,103.02
2023-03-17,104.35,104.46,101.97,103.02,11385779.0,103.26,107.27,33.5,-3.11,-2.95,0.0,104.31
2023-03-20,103.41,104.45,103.22,104.31,2721946.0,103.42,106.83,39.71,-2.97,-2.95,0.0,104.29
2023-03-21,105.24,105.48,103.37,104.29,2623572.0,103.72,106.58,29.18,-2.83,-2.93,0.0,101.54
2023-03-22,104.32,104.55,101.5,101.54,2805505.0,103.47,106.21,24.91,-2.9,-2.92,0.0,101.0
2023-03-23,101.66,102.93,100.76,101.0,3177268.0,102.83,105.82,17.61,-2.97,-2.93,0.0,101.14
2023-03-24,100.37,101.34,100.16,101.14,3553991.0,102.46,105.49,20.0,-2.98,-2.94,-0.25,101.49
2023-03-27,102.22,102.28,100.6,101.49,2797628.0,101.89,105.15,26.97,-2.92,-2.94,0.0,101.74
2023-03-28,101.59,102.82,101.31,101.74,2462830.0,101.38,104.85,28.04,-2.82,-2.91,0.0,103.19
2023-03-29,102.81,103.24,101.9,103.19,3221599.0,101.71,104.5,40.41,-2.6,-2.85,0.0,102.78
2023-03-30,103.75,103.92,102.53,102.78,2349717.0,102.07,104.14,44.23,-2.43,-2.77,0.76,105.11
2023-03-31,103.5,105.19,103.01,105.11,3611488.0,102.86,103.83,56.25,-2.08,-2.63,-0.64,104.57
2023-04-03,105.15,105.84,104.18,104.57,4017256.0,103.48,103.56,57.05,-1.83,-2.47,0.92,102.25
2023-04-04,104.9,104.9,102.07,102.25,3473313.0,103.58,103.32,48.23,-1.79,-2.33,0.0,102.29
2023-04-05,102.36,102.77,101.68,102.29,2652171.0,103.4,103.08,42.95,-1.74,-2.21,0.0,101.56
2023-04-06,102.35,102.8,101.52,101.56,2419239.0,103.16,102.88,44.45,-1.74,-2.12,0.0,102.76
2023-04-10,101.6,103.12,101.05,102.76,2880168.0,102.69,102.82,44.07,-1.62,-2.02,0.0,104.56
2023-04-11,103.63,104.78,103.31,104.56,2951982.0,102.68,102.87,50.91,-1.37,-1.89,0.0,104.37
2023-04-12,105.0,105.15,103.69,104.37,2724836.0,103.11,102.95,61.51,-1.17,-1.75,0.0,106.15
2023-04-13,104.84,106.44,104.09,106.15,3435218.0,103.88,103.12,69.03,-0.86,-1.57,0.0,105.77
2023-04-14,106.0,107.12,105.01,105.77,2793598.0,104.72,103.19,66.81,-0.64,-1.38,0.0,106.78
2023-04-17,106.16,107.1,105.94,106.78,2430921.0,105.53,103.38,68.33,-0.37,-1.18,0.0,106.27
2023-04-18,107.23,107.3,105.87,106.27,1912079.0,105.87,103.48,65.42,-0.2,-0.98,0.71,106.08
2023-04-19,105.7,106.34,105.46,106.08,1917987.0,106.21,103.57,60.76,-0.08,-0.8,-0.27,104.73
2023-04-20,105.46,105.59,104.1,104.73,3695303.0,105.93,103.73,56.78,-0.1,-0.66,0.0,104.48
2023-04-21,104.98,105.12,104.06,104.48,6391798.0,105.67,103.9,47.44,-0.13,-0.56,0.0,105.06
2023-04-24,105.05,105.31,104.36,105.06,3535979.0,105.32,104.1,51.99,-0.1,-0.46,0.0,104.37
2023-04-25,105.68,107.3,104.16,104.37,5071415.0,104.94,104.24,59.91,-0.14,-0.4,-0.21,102.92
2023-04-26,104.0,105.2,102.77,102.92,3152908.0,104.31,104.3,52.6,-0.28,-0.38,-0.3,105.33
2023-04-27,103.08,105.39,103.08,105.33,2393078.0,104.43,104.41,63.67,-0.19,-0.34,-0.74,106.22
2023-04-28,105.31,106.4,105.15,106.22,3983689.0,104.78,104.58,62.83,-0.05,-0.28,-0.27,105.85
2023-05-01,106.34,106.83,105.56,105.85,2289449.0,104.94,104.62,55.35,0.03,-0.22,0.0,102.98
2023-05-02,105.51,105.7,102.66,102.98,3012012.0,104.66,104.54,45.28,-0.14,-0.2,-0.32,102.83
2023-05-03,103.5,104.6,102.67,102.83,2056095.0,104.64,104.57,37.33,-0.28,-0.22,0.0,101.84
2023-05-04,102.55,102.98,100.76,101.84,2963164.0,103.94,104.55,35.67,-0.46,-0.27,0.22,103.35
2023-05-05,102.8,103.48,102.05,103.35,1943779.0,103.37,104.64,37.93,-0.48,-0.31,0.0,102.34
2023-05-08,103.56,103.92,101.65,102.34,2094189.0,102.67,104.61,36.64,-0.57,-0.36,0.0,100.8
2023-05-09,101.47,101.75,100.4,100.8,3121575.0,102.23,104.43,33.56,-0.76,-0.44,0.0,100.9
2023-05-10,101.39,101.7,99.6,100.9,2744095.0,101.85,104.25,37.07,-0.89,-0.53,0.0,100.78
2023-05-11,100.5,101.0,99.8,100.78,2774017.0,101.63,103.98,37.4,-0.99,-0.62,0.0,100.27
2023-05-12,101.21,101.27,99.27,100.27,2456105.0,101.02,103.71,33.61,-1.1,-0.72,0.32,100.49
2023-05-15,100.07,100.83,99.27,100.49,2406964.0,100.65,103.39,36.28,-1.16,-0.81,-0.37,98.01
2023-05-16,100.0,100.04,98.0,98.01,3744629.0,100.09,102.98,33.82,-1.38,-0.92,-0.42,100.18
2023-05-17,98.42,100.31,98.0,100.18,3577976.0,99.95,102.69,32.75,-1.37,-1.01,0.0,99.64
2023-05-18,98.44,99.84,98.06,99.64,2914335.0,99.72,102.43,27.43,-1.39,-1.09,0.0,99.03
2023-05-19,100.25,100.46,98.67,99.03,2699900.0,99.47,102.16,26.99,-1.44,-1.16,0.0,101.71
2023-05-22,98.88,102.04,98.32,101.71,4187327.0,99.71,101.99,45.66,-1.25,-1.18,0.0,100.7
2023-05-23,101.71,102.84,100.66,100.7,3616226.0,100.25,101.81,43.12,-1.16,-1.17,0.0,96.99
2023-05-24,100.45,100.7,96.97,96.99,4132558.0,99.61,101.51,36.68,-1.38,-1.21,0.0,97.05
2023-05-25,96.55,97.21,95.35,97.05,3119602.0,99.1,101.1,31.21,-1.53,-1.28,0.0,96.94
2023-05-26,97.05,97.44,96.36,96.94,2787353.0,98.68,100.63,32.98,-1.64,-1.35,0.0,96.06
2023-05-30,96.93,97.2,95.2,96.06,2870783.0,97.55,100.14,34.41,-1.77,-1.43,0.0,93.31
2023-05-31,95.0,95.77,93.19,93.31,6026610.0,96.07,99.66,28.74,-2.08,-1.56,0.0,94.28
2023-06-01,93.47,94.58,92.38,94.28,3329511.0,95.53,99.23,32.62,-2.22,-1.69,0.0,102.53
2023-06-02,96.1,104.55,96.04,102.53,14162912.0,96.62,99.27,54.27,-1.64,-1.68,-0.01,97.98
2023-06-05,100.9,102.49,97.91,97.98,5911964.0,96.83,99.0,45.92,-1.54,-1.65,-0.01,98.29
2023-06-06,98.06,99.63,97.29,98.29,4474086.0,97.28,98.8,50.49,-1.41,-1.61,0.0,101.0
2023-06-07,98.72,101.16,97.6,101.0,3341172.0,98.82,98.81,51.41,-1.08,-1.5,0.0,100.76
2023-06-08,100.8,101.35,99.58,100.76,3152525.0,100.11,98.8,51.94,-0.83,-1.37,-0.58,99.9
2023-06-09,100.7,101.58,98.2,99.9,4513943.0,99.59,98.76,51.5,-0.69,-1.23,0.19,101.26
2023-06-12,100.35,102.44,100.21,101.26,3500477.0,100.24,98.81,49.19,-0.47,-1.08,0.77,102.74
2023-06-13,101.26,103.14,100.84,102.74,3283265.0,101.13,98.92,53.61,-0.17,-0.9,0.0,101.95
2023-06-14,103.16,103.67,101.17,101.95,3250959.0,101.32,99.12,59.79,0.01,-0.72,0.0,103.81
2023-06-15,101.9,104.09,101.62,103.81,2822368.0,101.93,99.3,62.46,0.29,-0.51,-0.53,104.54
2023-06-16,104.25,104.89,103.17,104.54,6197456.0,102.86,99.54,63.7,0.57,-0.3,0.77,102.3
2023-06-20,102.78,102.93,101.08,102.3,2747024.0,103.07,99.71,60.72,0.6,-0.12,0.1,101.47
2023-06-21,101.67,102.29,100.8,101.47,2518050.0,102.81,99.69,65.01,0.55,0.02,-0.59,100.43
2023-06-22,101.29,101.31,99.64,100.43,2594899.0,102.51,99.68,61.28,0.43,0.1,0.19,100.72
2023-06-23,103.3,103.5,99.48,100.72,7811288.0,101.89,99.87,45.31,0.35,0.15,-0.02,100.41
2023-06-26,100.0,100.88,99.47,100.41,3655366.0,101.07,100.03,58.07,0.25,0.17,-0.13,98.26
2023-06-27,99.92,100.22,98.07,98.26,5429368.0,100.26,100.1,49.91,0.01,0.14,0.0,98.57
2023-06-28,98.26,99.27,97.77,98.57,3795598.0,99.68,100.23,41.61,-0.16,0.08,0.0,99.24
2023-06-29,98.1,99.46,97.92,99.24,3496870.0,99.44,100.52,44.91,-0.24,0.01,0.0,100.09
2023-06-30,100.01,100.4,99.2,100.09,5087002.0,99.31,100.81,50.64,-0.23,-0.03,0.0,101.14
2023-07-03,100.2,101.44,99.92,101.14,1599469.0,99.46,100.74,49.59,-0.13,-0.05,0.0,98.63
2023-07-05,100.79,101.37,98.57,98.63,3945338.0,99.53,100.78,36.85,-0.26,-0.09,0.0,96.31
2023-07-06,98.0,98.08,95.57,96.31,5133163.0,99.08,100.68,33.57,-0.54,-0.18,0.0,97.29
2023-07-07,96.19,98.99,96.17,97.29,3988375.0,98.69,100.49,29.98,-0.67,-0.28,0.0,97.19
2023-07-10,97.12,98.51,96.88,97.19,3767922.0,98.11,100.31,26.52,-0.78,-0.38,0.0,101.92
2023-07-11,98.74,102.03,98.38,101.92,6253504.0,98.27,100.41,48.95,-0.48,-0.4,0.0,101.57
2023-07-12,103.48,104.27,101.52,101.57,3633155.0,98.86,100.43,50.28,-0.26,-0.37,0.0,102.86
2023-07-13,101.7,102.92,101.5,102.86,2492091.0,100.17,100.44,56.78,0.01,-0.3,0.0,102.3
2023-07-14,102.75,102.85,101.55,102.3,2215758.0,101.17,100.45,54.35,0.18,-0.2,0.0,101.7
2023-07-17,101.9,102.12,100.8,101.7,2302564.0,102.07,100.35,53.49,0.27,-0.11,0.0,103.01
2023-07-18,101.62,103.54,101.35,103.01,2490671.0,102.29,100.27,63.47,0.43,0.0,0.0,103.48
2023-07-19,102.85,103.76,102.6,103.48,2088934.0,102.67,100.33,63.8,0.6,0.12,-0.53,104.29
2023-07-20,103.17,104.73,102.51,104.29,2866280.0,102.96,100.47,64.08,0.78,0.25,0.0,104.33
2023-07-21,104.17,104.54,103.22,104.33,2502037.0,103.36,100.67,62.38,0.92,0.39,0.0,104.27
2023-07-24,104.53,105.6,103.98,104.27,3333380.0,103.88,100.84,59.7,1.02,0.51,-0.67,109.83
2023-07-25,107.55,110.85,107.01,109.83,8778880.0,105.24,101.31,79.2,1.52,0.71,0.33,112.64
2023-07-26,109.84,113.07,109.84,112.64,5594986.0,107.07,102.03,91.51,2.13,1.0,-0.49,111.19
2023-07-27,110.45,113.14,110.45,111.19,5613488.0,108.45,102.66,84.51,2.46,1.29,0.41,111.88
2023-07-28,111.87,112.41,111.04,111.88,2910759.0,109.96,103.3,85.43,2.75,1.58,0.0,111.5
2023-07-31,111.88,112.27,110.86,111.5,7242249.0,111.41,103.87,79.24,2.91,1.85,0.0,110.56
2023-08-01,111.5,111.92,110.33,110.56,2856473.0,111.55,104.34,76.49,2.93,2.06,0.0,108.91
2023-08-02,109.5,109.9,108.16,108.91,3187993.0,110.81,104.85,67.46,2.78,2.21,0.0,107.19
2023-08-03,108.5,108.84,106.92,107.19,2822708.0,110.01,105.4,63.22,2.49,2.26,-0.06,105.51
2023-08-04,107.56,107.98,105.07,105.51,2916182.0,108.73,105.81,59.73,2.11,2.23,0.25,105.23
2023-08-07,106.0,106.55,104.89,105.23,2509440.0,107.48,106.21,55.99,1.76,2.14,0.0,104.12
2023-08-08,104.31,104.4,102.55,104.12,2912541.0,106.19,106.32,51.67,1.38,1.99,0.0,103.71
2023-08-09,103.9,104.69,103.41,103.71,2145106.0,105.15,106.43,48.46,1.03,1.8,0.0,103.9
2023-08-10,104.07,105.85,103.37,103.9,2202326.0,104.49,106.48,48.86,0.76,1.59,0.91,104.55
2023-08-11,103.83,104.79,103.44,104.55,1628689.0,104.3,106.59,50.72,0.59,1.39,0.13,103.42
2023-08-14,104.16,104.31,102.9,103.42,3054598.0,103.94,106.68,28.76,0.36,1.18,0.0,101.14
2023-08-15,102.55,102.88,100.92,101.14,3345187.0,103.34,106.58,10.51,-0.0,0.95,0.0,100.79
2023-08-16,100.77,101.73,100.46,100.79,2853394.0,102.76,106.45,11.37,-0.31,0.7,0.0,101.8
2023-08-17,101.23,102.72,101.1,101.8,3404064.0,102.34,106.32,13.43,-0.48,0.46,0.0,100.01
2023-08-18,99.98,100.49,99.58,100.01,2634379.0,101.43,106.11,12.18,-0.74,0.22,0.93,99.19
2023-08-21,100.0,100.1,98.53,99.19,2302686.0,100.59,105.85,12.28,-1.0,-0.02,0.0,98.51
2023-08-22,99.67,99.72,98.11,98.51,2590598.0,100.06,105.29,13.12,-1.25,-0.27,0.0,99.65
2023-08-23,98.75,100.18,97.7,99.65,3265062.0,99.83,104.64,22.12,-1.34,-0.48,0.0,98.5
2023-08-24,99.27,100.67,98.49,98.5,1900046.0,99.17,104.0,23.02,-1.49,-0.68,0.0,98.95
2023-08-25,98.98,99.41,98.02,98.95,2188616.0,98.96,103.36,26.14,-1.55,-0.86,0.0,104.12
2023-08-28,105.31,105.65,102.59,104.12,7638456.0,99.95,102.99,50.0,-1.17,-0.92,-0.18,105.57
2023-08-29,104.99,106.85,104.88,105.57,5243159.0,101.36,102.74,55.09,-0.74,-0.88,-0.05,104.45
2023-08-30,105.49,105.85,103.61,104.45,3273939.0,102.32,102.52,51.43,-0.49,-0.81,0.15,106.67
2023-08-31,105.94,108.33,105.49,106.67,6506051.0,103.95,102.49,55.11,-0.11,-0.67,0.0,106.95
2023-09-01,107.3,108.3,106.11,106.95,3640683.0,105.55,102.56,58.86,0.21,-0.49,0.0,106.85
2023-09-05,106.8,108.26,106.38,106.85,4864287.0,106.1,102.64,66.1,0.46,-0.3,0.0,106.37
2023-09-06,106.52,106.81,105.34,106.37,2684253.0,106.26,102.76,65.62,0.6,-0.12,-0.89,105.95
2023-09-07,106.18,106.79,104.96,105.95,2906870.0,106.56,102.87,62.02,0.68,0.04,-0.05,106.24
2023-09-08,106.08,106.39,105.42,106.24,2774697.0,106.47,102.98,69.75,0.75,0.18,-0.27,107.89
2023-09-11,107.0,108.22,106.79,107.89,2841425.0,106.66,103.15,76.2,0.93,0.33,0.0,107.16
2023-09-12,107.55,108.8,107.06,107.16,3196622.0,106.72,103.34,75.98,1.01,0.47,0.0,101.05
2023-09-13,107.14,107.46,100.51,101.05,7575059.0,105.66,103.33,53.24,0.56,0.49,0.0,102.32
2023-09-14,101.6,103.57,101.21,102.32,4184063.0,104.93,103.41,58.79,0.31,0.45,0.0,101.06
2023-09-15,101.89,102.41,100.65,101.06,6002352.0,103.9,103.37,54.68,0.01,0.36,0.0,101.04
2023-09-18,101.06,101.9,100.11,101.04,4298607.0,102.53,103.42,41.15,-0.23,0.24,-0.56,100.23
2023-09-19,101.01,101.25,99.87,100.23,2669577.0,101.14,103.48,34.07,-0.47,0.1,0.0,98.99
2023-09-20,100.05,100.9,98.98,98.99,2457435.0,100.73,103.5,33.83,-0.76,-0.07,0.0,97.49
2023-09-21,98.55,99.22,97.4,97.49,3556802.0,99.76,103.39,21.6,-1.1,-0.28,0.0,97.04
2023-09-22,97.59,97.8,96.6,97.04,3489187.0,98.96,103.32,19.66,-1.39,-0.5,0.0,94.79
2023-09-25,96.57,96.9,93.76,94.79,4444241.0,97.71,103.11,17.37,-1.77,-0.75,0.0,93.88
2023-09-26,94.36,95.11,93.62,93.88,3478186.0,96.44,102.6,16.98,-2.13,-1.03,-0.09,93.46
2023-09-27,94.13,94.37,93.09,93.46,3067848.0,95.33,101.99,16.98,-2.42,-1.31,0.0,93.26
2023-09-28,93.05,93.84,92.41,93.26,4083450.0,94.49,101.43,15.52,-2.63,-1.57,0.0,93.62
2023-09-29,94.0,94.34,93.35,93.62,3044072.0,93.8,100.78,9.3,-2.74,-1.81,0.0,90.22
2023-10-02,92.65,92.83,89.31,90.22,8213621.0,92.89,99.95,8.07,-3.07,-2.06,0.0,88.79
2023-10-03,89.75,89.94,88.16,88.79,5375110.0,91.87,99.04,10.5,-3.4,-2.33,0.0,88.02
2023-10-04,88.6,88.86,87.31,88.02,6521346.0,90.78,98.12,2.4,-3.69,-2.6,-0.15,87.83
2023-10-05,88.0,88.24,86.55,87.83,4860196.0,89.7,97.22,2.58,-3.88,-2.86,0.0,88.4
2023-10-06,87.4,89.21,86.33,88.4,4458087.0,88.65,96.33,6.41,-3.95,-3.07,-0.18,89.05
2023-10-09,88.07,89.08,87.95,89.05,2359835.0,88.42,95.38,11.02,-3.9,-3.24,0.0,90.64
2023-10-10,90.0,90.99,89.21,90.64,3708862.0,88.79,94.56,21.58,-3.69,-3.33,0.0,90.39
2023-10-11,90.8,90.98,89.75,90.39,2121244.0,89.26,94.03,23.59,-3.51,-3.37,0.0,89.02
2023-10-12,90.53,90.53,88.46,89.02,2338045.0,89.5,93.36,22.08,-3.43,-3.38,0.0,88.68
2023-10-13,89.2,89.85,88.26,88.68,2349556.0,89.56,92.74,25.46,-3.36,-3.37,0.39,89.94
2023-10-16,88.92,90.14,88.55,89.94,2664755.0,89.73,92.19,34.61,-3.17,-3.33,0.0,90.55
2023-10-17,89.17,91.04,89.08,90.55,2120204.0,89.72,91.7,38.8,-2.93,-3.25,0.0,88.4
2023-10-18,89.72,89.8,88.13,88.4,2687377.0,89.32,91.17,33.73,-2.88,-3.18,0.34,87.06
2023-10-19,88.0,88.81,87.02,87.06,3066337.0,88.93,90.65,29.4,-2.92,-3.13,0.0,86.55
2023-10-20,86.71,87.32,86.39,86.55,2555438.0,88.5,90.13,35.92,-2.95,-3.09,0.27,85.6
2023-10-23,86.0,86.83,85.34,85.6,3476629.0,87.63,89.67,37.29,-3.02,-3.08,-0.69,90.12
2023-10-24,90.11,90.83,88.42,90.12,6417968.0,87.55,89.48,56.44,-2.68,-3.0,0.64,89.39
2023-10-25,89.4,90.4,88.7,89.39,3861732.0,87.74,89.28,54.63,-2.45,-2.89,-0.74,88.65
2023-10-26,89.76,90.55,88.3,88.65,3866186.0,88.06,89.05,50.73,-2.29,-2.77,0.0,87.52
2023-10-27,89.12,89.24,86.97,87.52,3312819.0,88.26,88.74,45.63,-2.23,-2.66,-0.23,89.52
2023-10-30,88.06,89.73,87.78,89.52,2643542.0,89.04,88.71,46.87,-2.0,-2.53,0.0,90.95
2023-10-31,89.48,91.57,89.41,90.95,4645212.0,89.21,88.81,51.47,-1.68,-2.36,0.0,90.56
2023-11-01,91.16,91.35,89.57,90.56,3496646.0,89.44,88.94,54.25,-1.45,-2.18,0.0,92.31
2023-11-02,91.6,92.4,91.04,92.31,2629104.0,90.17,89.16,59.3,-1.11,-1.96,0.0,93.86
2023-11-03,93.52,94.82,93.07,93.86,2731136.0,91.44,89.44,59.9,-0.7,-1.71,0.0,93.52
2023-11-06,93.83,93.92,92.97,93.52,2155652.0,92.24,89.66,57.6,-0.4,-1.45,0.0,93.15
2023-11-07,92.92,93.45,92.57,93.15,2204166.0,92.68,89.79,63.38,-0.2,-1.2,-0.83,92.32
2023-11-08,93.4,93.4,91.27,92.32,3463636.0,93.03,89.88,65.26,-0.1,-0.98,-0.25,91.7
2023-11-09,92.58,93.21,91.65,91.7,2124244.0,92.91,90.02,64.84,-0.07,-0.8,0.24,92.81
2023-11-10,92.0,93.06,91.66,92.81,2395590.0,92.7,90.22,70.59,0.04,-0.63,-0.83,92.69
2023-11-13,92.7,93.13,91.92,92.69,2133210.0,92.53,90.36,59.8,0.12,-0.48,-0.3,94.97
2023-11-14,94.0,95.49,93.93,94.97,3321448.0,92.9,90.58,69.03,0.36,-0.31,0.0,96.82
2023-11-15,95.44,97.2,95.44,96.82,3790178.0,93.8,91.0,75.9,0.7,-0.11,0.0,95.71
2023-11-16,95.89,96.45,94.91,95.71,3061753.0,94.6,91.44,76.0,0.86,0.08,0.43,95.34
2023-11-17,96.26,96.35,95.01,95.34,7587195.0,95.11,91.88,70.61,0.95,0.26,0.38,94.98
2023-11-20,95.02,95.25,94.46,94.98,3333563.0,95.56,92.34,65.44,0.98,0.4,0.0,93.99
2023-11-21,94.62,94.76,93.74,93.99,2708675.0,95.37,92.54,62.56,0.91,0.5,0.0,95.37
2023-11-22,94.97,95.78,94.63,95.37,2394280.0,95.08,92.84,61.52,0.96,0.59,0.0,95.95
2023-11-24,95.3,95.98,95.12,95.95,1059854.0,95.13,93.2,58.49,1.03,0.68,0.2,97.07
2023-11-27,96.0,97.46,95.94,97.07,3293901.0,95.47,93.68,63.56,1.17,0.78,0.17,98.51
2023-11-28,96.92,99.1,96.54,98.51,4334614.0,96.18,94.13,68.93,1.38,0.9,-0.27,98.47
2023-11-29,99.25,99.45,98.12,98.47,2581644.0,97.07,94.5,73.0,1.52,1.02,0.59,99.07
2023-11-30,98.64,100.08,98.26,99.07,6012541.0,97.81,94.93,77.6,1.66,1.15,0.0,99.85
2023-12-01,98.84,100.21,98.16,99.85,2783823.0,98.59,95.31,77.04,1.82,1.28,0.0,103.44
2023-12-04,100.34,103.78,100.23,103.44,5030211.0,99.87,95.79,82.6,2.2,1.47,0.0,101.69
2023-12-05,102.75,103.0,101.44,101.69,3073380.0,100.5,96.2,71.05,2.34,1.64,0.6,102.79
2023-12-06,101.67,103.58,101.63,102.79,3563605.0,101.37,96.68,69.63,2.51,1.82,-0.84,103.28
2023-12-07,103.05,103.63,102.4,103.28,2367807.0,102.21,97.22,75.94,2.66,1.98,0.0,103.37
2023-12-08,103.37,104.91,103.0,103.37,3444015.0,102.91,97.81,78.06,2.74,2.14,0.0,103.16
2023-12-11,103.7,104.21,102.72,103.16,3485900.0,102.86,98.33,78.88,2.77,2.26,0.0,102.56
2023-12-12,103.59,103.72,102.34,102.56,4674523.0,103.03,98.82,81.12,2.7,2.35,-0.18,104.19
2023-12-13,102.0,104.21,99.71,104.19,5971953.0,103.31,99.28,81.46,2.76,2.43,0.83,107.04
2023-12-14,104.98,107.63,104.96,107.04,5764490.0,104.06,99.79,84.04,2.99,2.54,0.0,106.98
2023-12-15,106.35,107.53,105.96,106.98,11083431.0,104.79,100.36,82.53,3.14,2.66,0.0,105.87
2023-12-18,107.0,107.3,105.66,105.87,3023962.0,105.33,100.88,74.7,3.13,2.76,0.0,106.25
2023-12-19,106.37,106.74,105.89,106.25,2634309.0,106.07,101.44,75.52,3.11,2.83,0.0,103.67
2023-12-20,105.8,106.27,103.63,103.67,3247439.0,105.96,101.93,63.36,2.86,2.83,0.0,105.56
2023-12-21,104.22,105.63,104.11,105.56,2194162.0,105.67,102.44,65.58,2.78,2.82,0.0,106.33
2023-12-22,105.88,107.4,105.75,106.33,2281685.0,105.54,102.96,59.32,2.75,2.81,0.0,108.11
2023-12-26,106.3,108.59,106.27,108.11,2786348.0,105.98,103.51,70.66,2.84,2.81,0.0,108.74
2023-12-27,108.0,109.1,107.68,108.74,2428836.0,106.48,104.02,69.74,2.92,2.84,0.0,109.69
2023-12-28,108.66,110.18,108.65,109.69,2809576.0,107.69,104.58,70.64,3.03,2.87,0.0,109.32
2023-12-29,109.5,109.96,108.74,109.32,2414408.0,108.44,105.09,68.82,3.05,2.91,0.0,110.0
2024-01-02,108.62,110.66,108.45,110.0,2776824.0,109.17,105.6,71.01,3.09,2.95,0.0,109.49
2024-01-03,109.23,109.46,106.8,107.79,2966239.0,109.11,105.82,64.62,2.9,2.94,0.0,109.53
2024-01-04,108.08,109.34,107.7,108.17,2775925.0,108.99,106.14,61.96,2.76,2.9,0.0,109.54
2024-01-05,107.98,109.49,107.55,108.59,1646452.0,108.77,106.43,55.45,2.64,2.85,0.0,109.29
2024-01-08,108.26,108.96,107.59,108.86,2119575.0,108.68,106.71,56.52,2.55,2.79,0.0,109.43
2024-01-09,108.2,109.3,107.35,109.1,2457998.0,108.5,107.0,61.92,2.46,2.72,0.42,109.85
2024-01-10,109.02,109.12,107.84,108.3,1999818.0,108.6,107.26,57.34,2.3,2.64,0.0,108.47
2024-01-11,108.3,109.0,107.21,108.92,2685752.0,108.75,107.57,71.86,2.2,2.55,0.4,108.88
2024-01-12,109.42,110.16,107.89,108.12,2918538.0,108.66,107.77,61.72,2.03,2.45,0.0,108.82
2024-01-16,107.67,108.07,106.68,107.64,3036611.0,108.42,107.8,56.16,1.84,2.33,-0.03,106.54
2024-01-17,106.85,107.66,105.53,106.08,2639507.0,107.81,107.76,40.25,1.54,2.17,-0.54,105.74
2024-01-18,106.33,106.74,105.34,106.44,2493062.0,107.44,107.78,38.66,1.32,2.0,-0.0,106.2
2024-01-19,106.74,108.36,105.1,107.76,3269495.0,107.21,107.86,40.82,1.24,1.85,0.0,108.04
2024-01-22,108.5,109.4,107.4,108.02,4916060.0,107.19,108.08,43.75,1.18,1.71,0.0,108.54
2024-01-23,100.86,100.86,94.11,96.1,27210880.0,104.88,107.6,17.88,0.17,1.4,0.12,96.09
2024-01-24,96.64,97.04,92.73,93.24,9321540.0,102.31,106.95,17.36,-0.85,0.95,0.0,93.38
2024-01-25,93.78,96.28,93.61,95.98,6122942.0,100.22,106.34,25.27,-1.42,0.48,-0.67,96.11
2024-01-26,96.22,96.9,95.79,95.99,3720173.0,97.87,105.71,24.01,-1.86,0.01,0.0,95.17
2024-01-29,96.0,96.89,95.44,96.38,3799983.0,95.54,105.04,24.38,-2.14,-0.42,-0.8,96.19
2024-01-30,96.17,96.51,94.78,95.75,3200456.0,95.47,104.36,23.03,-2.39,-0.81,0.0,95.23
2024-01-31,95.94,95.94,94.16,94.35,6906829.0,95.69,103.58,22.49,-2.67,-1.18,0.0,94.91
2024-02-01,94.39,96.02,93.94,95.91,3297348.0,95.68,102.98,25.26,-2.73,-1.49,0.0,95.51
2024-02-02,95.28,95.4,94.29,94.87,3712641.0,95.45,102.32,25.03,-2.84,-1.76,0.27,94.76
2024-02-05,94.25,94.25,92.58,92.73,4476887.0,94.72,101.53,23.55,-3.06,-2.02,0.0,92.77
2024-02-06,92.74,93.85,92.4,93.76,3727668.0,94.32,100.77,27.73,-3.11,-2.24,0.0,94.22
2024-02-07,94.6,94.71,93.5,93.84,3780861.0,94.22,100.01,26.99,-3.11,-2.41,0.0,94.46
2024-02-08,94.15,94.38,92.71,93.2,3964295.0,93.68,99.25,22.73,-3.13,-2.56,0.86,93.93
2024-02-09,93.2,93.3,92.39,92.9,3669089.0,93.29,98.45,21.73,-3.13,-2.67,0.0,93.73
2024-02-12,93.12,95.06,93.05,94.63,4091695.0,93.67,97.78,45.56,-2.95,-2.73,0.0,96.26
2024-02-13,93.3,93.99,91.39,92.66,4595564.0,93.45,97.03,48.15,-2.94,-2.77,0.0,92.73
2024-02-14,93.0,93.24,92.17,92.42,5036865.0,93.16,96.35,36.47,-2.92,-2.8,0.0,93.97
2024-02-15,91.5,92.56,91.11,92.38,3812207.0,93.0,95.64,36.32,-2.87,-2.81,0.0,93.07
2024-02-16,91.86,92.05,91.2,91.25,4469540.0,92.67,94.82,31.59,-2.89,-2.83,-0.33,91.77
2024-02-20,91.1,92.49,90.52,91.82,4326602.0,92.11,94.01,35.83,-2.83,-2.83,0.0,92.22
2024-02-21,91.63,91.97,90.98,91.71,3399345.0,91.92,93.79,39.51,-2.75,-2.81,0.33,92.33
2024-02-22,91.56,92.42,91.14,92.23,4190480.0,91.88,93.74,34.06,-2.62,-2.77,-0.32,92.41
2024-02-23,92.39,92.94,91.91,92.58,3155887.0,91.92,93.57,39.45,-2.46,-2.71,-0.3,92.39
2024-02-26,92.18,92.5,91.44,91.82,3272899.0,92.03,93.36,45.2,-2.37,-2.64,0.0,92.35
2024-02-27,92.0,92.35,91.48,92.3,2288509.0,92.13,93.16,41.82,-2.23,-2.56,0.09,92.5
2024-02-28,92.0,92.63,91.42,91.46,2962410.0,92.08,92.94,37.71,-2.17,-2.48,0.0,91.97
2024-02-29,92.0,92.29,91.36,92.12,5158385.0,92.06,92.83,44.43,-2.04,-2.39,-0.3,92.16
2024-03-01,92.04,92.04,90.89,91.86,3398066.0,91.91,92.63,44.62,-1.93,-2.3,0.0,92.17
2024-03-04,91.1,91.85,90.48,91.44,5584244.0,91.84,92.46,30.9,-1.86,-2.21,0.0,91.68
2024-03-05,91.67,93.39,91.57,92.69,4390990.0,91.91,92.45,50.2,-1.69,-2.11,0.0,93.12
2024-03-06,93.49,93.69,91.93,92.52,3002829.0,92.13,92.39,50.66,-1.54,-1.99,0.0,93.97
2024-03-07,93.05,93.3,92.1,92.62,3136796.0,92.23,92.33,51.57,-1.41,-1.88,-0.68,92.79
2024-03-08,93.49,94.74,93.18,93.9,4118618.0,92.63,92.37,67.05,-1.18,-1.74,0.61,93.4
2024-03-11,93.98,94.46,93.46,94.05,3510706.0,93.16,92.42,65.17,-0.98,-1.59,0.15,94.99
2024-03-12,100.2,100.85,97.15,98.72,13941894.0,94.36,92.63,79.43,-0.44,-1.36,0.21,97.74
2024-03-13,99.72,104.09,99.2,104.07,10785045.0,96.67,93.2,85.36,0.42,-1.0,0.36,103.33
2024-03-14,103.36,104.54,102.24,103.12,6910244.0,98.77,93.73,80.39,1.01,-0.6,0.74,103.35
2024-03-15,103.0,105.54,102.78,105.0,26838610.0,100.99,94.36,85.7,1.61,-0.16,0.0,105.39
2024-03-18,104.53,106.29,104.42,104.8,5537228.0,103.14,95.04,84.38,2.05,0.28,0.0,104.71
2024-03-19,105.79,107.0,104.55,105.32,5842707.0,104.46,95.72,88.8,2.41,0.71,0.21,103.88
2024-03-20,104.99,109.1,104.44,108.11,7015254.0,105.27,96.54,89.99,2.89,1.15,0.0,108.51
2024-03-21,108.2,109.19,107.79,107.87,6594170.0,106.22,97.32,90.09,3.21,1.56,0.12,103.55
2024-03-22,107.6,108.12,106.75,106.78,4449245.0,106.58,98.03,87.16,3.34,1.91,0.0,106.17
2024-03-25,105.9,106.81,104.78,104.84,5585278.0,106.58,98.68,78.48,3.25,2.18,0.0,104.52
2024-03-26,104.06,104.67,102.4,102.63,6086736.0,106.05,99.2,71.63,2.96,2.34,0.0,103.58
2024-03-27,103.0,104.76,102.99,104.59,3881023.0,105.34,99.85,73.72,2.86,2.44,0.58,103.48
2024-03-28,104.61,106.26,104.59,106.07,4386102.0,104.98,100.55,73.93,2.87,2.53,-0.04,105.98
2024-04-01,91.05,94.34,88.23,94.02,12974031.0,102.43,100.66,49.96,1.88,2.4,0.28,95.24
2024-04-02,93.1,94.42,91.9,92.84,8857142.0,100.03,100.73,41.31,0.99,2.12,-0.03,93.4
2024-04-03,93.34,94.7,92.5,93.19,6035521.0,98.14,100.75,31.14,0.31,1.76,0.57,95.13
2024-04-04,94.49,95.67,90.23,90.54,5849591.0,95.33,100.65,29.4,-0.44,1.32,-0.01,91.47
2024-04-05,90.43,91.42,89.54,91.03,3511897.0,92.32,100.57,26.04,-0.98,0.86,0.0,90.63
2024-04-08,91.2,92.89,91.2,91.93,3614979.0,91.91,100.48,28.44,-1.33,0.42,0.34,92.0
2024-04-09,92.1,93.2,92.0,92.61,3976387.0,91.86,100.4,28.82,-1.52,0.03,0.0,92.7
2024-04-10,91.78,92.71,90.57,92.63,3494855.0,91.75,100.1,21.59,-1.66,-0.31,-0.66,92.49
2024-04-11,92.84,93.56,92.48,93.18,2993671.0,92.28,99.56,23.34,-1.71,-0.59,0.0,93.19
2024-04-12,92.76,92.81,91.14,91.31,3590782.0,92.33,98.96,22.7,-1.87,-0.84,0.0,92.26
2024-04-15,91.98,92.78,90.75,91.3,3675020.0,92.21,98.28,24.36,-1.98,-1.07,0.0,91.81
2024-04-16,90.94,91.33,90.17,91.05,3036971.0,91.89,97.59,26.31,-2.06,-1.27,0.0,91.43
2024-04-17,91.73,92.1,90.33,90.96,3421571.0,91.56,96.87,19.81,-2.11,-1.44,-0.38,91.6
2024-04-18,91.4,92.43,90.87,91.48,3069409.0,91.22,96.04,16.24,-2.08,-1.57,0.71,92.28
2024-04-19,91.24,92.4,91.1,92.27,3588522.0,91.41,95.26,41.55,-1.97,-1.65,0.0,92.32
2024-04-22,92.54,92.71,91.7,92.62,2992931.0,91.68,94.55,48.84,-1.84,-1.69,0.0,92.95
2024-04-23,92.98,94.04,92.78,93.0,3729824.0,92.07,93.96,49.01,-1.68,-1.68,0.0,92.51
2024-04-24,92.59,93.23,91.42,92.02,3813358.0,92.28,93.43,59.39,-1.61,-1.67,0.0,92.08
2024-04-25,91.59,92.0,90.65,91.41,2954822.0,92.26,92.77,52.37,-1.59,-1.65,0.0,91.83
2024-04-26,91.5,92.19,91.08,91.83,4520901.0,92.18,92.06,49.34,-1.53,-1.63,0.0,92.14
2024-04-29,91.56,92.62,91.56,92.16,4957288.0,92.08,91.97,46.86,-1.43,-1.59,0.0,92.08
2024-04-30,95.73,97.84,93.78,96.51,16731854.0,92.79,92.15,66.87,-0.99,-1.47,-0.15,95.32
2024-05-01,98.1,99.7,97.28,98.44,11064300.0,94.07,92.41,70.42,-0.48,-1.27,0.0,100.6
2024-05-02,97.96,98.4,96.65,96.81,6317061.0,95.15,92.73,71.76,-0.21,-1.06,0.1,97.41
2024-05-03,97.58,98.19,96.84,97.15,4818713.0,96.21,93.03,72.55,0.04,-0.84,0.08,98.6
2024-05-06,97.09,97.75,96.54,96.59,4329454.0,97.1,93.27,70.86,0.18,-0.64,0.83,96.0
2024-05-07,96.59,97.18,95.52,95.54,4408969.0,96.91,93.41,66.08,0.21,-0.47,0.0,95.15
2024-05-08,95.39,96.44,95.01,96.35,3489861.0,96.49,93.6,66.76,0.3,-0.31,0.0,95.8
2024-05-09,96.09,97.38,95.9,97.33,2584177.0,96.59,93.81,67.19,0.44,-0.16,-0.25,97.93
2024-05-10,98.55,99.66,98.17,98.93,4157896.0,96.95,94.19,69.76,0.67,0.0,0.65,101.8
2024-05-13,99.0,101.74,99.0,99.63,5578802.0,97.56,94.6,70.35,0.9,0.18,0.0,99.32
2024-05-14,99.93,101.2,99.8,100.08,2973067.0,98.46,95.06,75.57,1.11,0.37,-0.11,99.1
2024-05-15,100.19,101.67,100.15,101.24,4203343.0,99.44,95.57,80.13,1.35,0.56,-0.46,99.14
2024-05-16,101.72,105.22,101.59,104.86,8384504.0,100.95,96.24,83.39,1.81,0.81,0.0,103.91
2024-05-17,105.21,105.72,104.68,105.26,5396497.0,102.21,96.89,83.45,2.19,1.09,0.0,101.69
2024-05-20,105.22,106.04,104.63,105.21,3962667.0,103.33,97.52,78.47,2.45,1.36,0.68,104.53
2024-05-21,104.89,105.04,102.65,103.14,4602985.0,103.94,98.02,65.24,2.46,1.58,0.0,103.08
2024-05-22,102.64,103.11,100.95,101.49,3807843.0,103.99,98.5,65.16,2.32,1.73,0.0,102.38
2024-05-23,100.42,100.52,98.91,99.51,3845510.0,102.92,98.9,56.91,2.01,1.79,0.0,99.75
2024-05-24,99.81,100.52,99.34,99.67,2602227.0,101.8,99.3,59.23,1.77,1.78,-0.08,99.63
2024-05-28,99.56,100.11,97.82,98.68,4361056.0,100.5,99.62,59.45,1.48,1.72,-0.3,99.63
2024-05-29,97.8,97.9,96.76,97.56,4826562.0,99.38,99.67,53.57,1.14,1.61,0.0,97.75
2024-05-30,97.69,98.23,96.89,98.2,4520612.0,98.72,99.66,52.62,0.92,1.47,-0.64,100.75
2024-05-31,98.06,100.25,97.42,100.14,21754438.0,98.85,99.83,53.57,0.89,1.35,0.0,100.78
2024-06-03,100.37,100.79,98.97,99.76,4508226.0,98.87,99.96,50.39,0.82,1.25,-0.34,99.66
2024-06-04,99.0,99.4,97.68,98.61,4988057.0,98.85,100.06,45.75,0.67,1.13,-0.13,98.93
2024-06-05,98.82,99.65,97.87,99.06,3115445.0,99.15,100.24,43.43,0.58,1.02,0.76,100.76
2024-06-06,98.8,99.55,98.16,98.22,2509997.0,99.16,100.33,25.98,0.43,0.9,0.0,99.53
2024-06-07,99.51,101.96,98.4,100.86,5636659.0,99.3,100.51,36.3,0.53,0.83,0.71,100.77
2024-06-10,100.43,101.84,100.28,100.66,3507587.0,99.48,100.59,35.97,0.58,0.78,0.0,101.45
2024-06-11,100.1,101.47,99.22,101.32,2831634.0,100.02,100.68,43.85,0.66,0.75,0.0,100.38
2024-06-12,102.62,103.68,100.76,101.21,3704729.0,100.45,100.73,48.94,0.71,0.75,0.0,101.92
2024-06-13,102.02,102.8,100.74,101.54,5034653.0,101.12,100.75,58.74,0.77,0.75,-0.2,101.34
2024-06-14,100.5,101.42,99.3,100.9,2685142.0,101.13,100.55,55.09,0.76,0.75,0.88,99.39
2024-06-17,99.98,101.44,99.92,100.53,3490032.0,101.1,100.31,58.06,0.71,0.74,0.0,99.96
2024-06-18,100.07,101.46,100.06,100.77,3446167.0,100.99,100.09,65.16,0.68,0.73,0.0,100.32
2024-06-20,100.26,102.34,100.19,101.66,3476766.0,101.08,100.02,65.96,0.72,0.73,0.0,101.22
2024-06-21,101.93,102.44,100.94,102.39,7866227.0,101.25,100.06,61.68,0.8,0.74,0.0,101.91
2024-06-24,102.18,103.5,101.68,102.99,2947967.0,101.67,100.24,66.4,0.91,0.78,0.0,102.96
2024-06-25,102.88,103.18,101.29,102.05,5164160.0,101.97,100.36,67.84,0.9,0.8,0.0,101.75
2024-06-26,101.62,101.8,100.57,101.45,2356088.0,102.11,100.49,62.21,0.84,0.81,0.48,102.15
2024-06-27,101.96,104.04,101.64,103.17,4338345.0,102.41,100.77,73.2,0.92,0.83,0.34,103.0
2024-06-28,103.01,103.97,101.66,102.19,6196466.0,102.37,100.97,57.38,0.89,0.84,0.0,102.53
2024-07-01,102.86,103.45,100.2,100.61,2705605.0,101.89,101.0,49.76,0.74,0.82,0.0,100.74
2024-07-02,100.56,101.93,100.46,101.62,2291274.0,101.81,101.09,51.4,0.69,0.8,0.0,102.43
2024-07-03,101.29,102.15,100.68,101.62,1230776.0,101.84,101.24,51.93,0.64,0.76,0.0,101.57
2024-07-05,101.4,101.66,100.64,101.32,3059577.0,101.47,101.35,48.96,0.57,0.73,0.0,102.21
2024-07-08,101.51,102.74,100.62,101.1,2338695.0,101.25,101.5,50.98,0.49,0.68,0.57,100.71
2024-07-09,100.85,101.46,99.47,99.69,2809735.0,101.07,101.44,46.26,0.31,0.6,0.0,99.57
2024-07-10,99.81,101.83,98.26,101.67,4519547.0,101.08,101.49,53.47,0.33,0.55,-0.09,101.79
2024-07-11,102.38,104.27,101.8,103.23,4581327.0,101.4,101.59,55.76,0.46,0.53,0.25,103.08
2024-07-12,103.79,105.3,103.69,104.04,3381190.0,101.95,101.73,56.02,0.62,0.55,0.0,105.63
2024-07-15,104.9,105.0,102.57,102.72,3316717.0,102.27,101.79,49.06,0.64,0.57,0.0,102.32
2024-07-16,100.87,103.69,100.87,103.31,3609174.0,102.99,101.91,54.47,0.69,0.59,0.0,102.26
2024-07-17,102.86,104.8,102.69,104.64,3567941.0,103.59,102.11,60.77,0.83,0.64,0.0,104.95
2024-07-18,104.22,105.52,103.44,104.02,3023902.0,103.75,102.27,53.1,0.88,0.69,0.0,103.6
2024-07-19,104.75,104.75,103.13,103.92,2884897.0,103.72,102.39,56.74,0.9,0.73,0.68,103.17
2024-07-22,104.06,105.04,102.4,104.97,2686587.0,104.17,102.52,67.72,0.99,0.78,0.0,104.95
2024-07-23,105.0,105.27,104.17,104.73,2172621.0,104.46,102.6,63.49,1.03,0.83,0.0,105.69
2024-07-24,104.56,105.1,103.08,103.25,3252198.0,104.18,102.66,56.26,0.93,0.85,0.0,103.25
2024-07-25,102.72,104.79,101.77,103.39,4598084.0,104.05,102.76,58.05,0.85,0.85,0.0,103.49
2024-07-26,112.68,128.02,112.68,127.16,32748920.0,108.7,103.96,85.8,2.68,1.22,0.68,111.05
2024-07-29,128.0,128.65,124.13,125.16,10816738.0,112.74,105.11,84.43,3.92,1.76,0.78,115.09
2024-07-30,125.85,127.69,124.11,126.75,6746475.0,117.14,106.42,84.26,4.98,2.4,0.0,125.23
2024-07-31,126.63,128.6,125.33,127.55,6889922.0,122.0,107.71,83.93,5.81,3.08,0.49,126.8
2024-08-01,127.5,127.94,124.43,126.47,5563739.0,126.62,108.95,81.06,6.31,3.73,0.1,126.74
2024-08-02,125.81,127.74,124.78,125.24,4021383.0,126.23,110.15,81.26,6.53,4.29,0.48,125.02
2024-08-05,119.57,125.32,119.31,124.61,6669666.0,126.12,111.33,79.53,6.58,4.75,0.34,111.55
2024-08-06,123.36,126.13,122.72,124.89,4334268.0,125.75,112.59,78.92,6.57,5.11,0.81,124.79
2024-08-07,125.39,126.57,122.69,122.83,3410105.0,124.81,113.64,75.8,6.32,5.35,0.0,112.39
2024-08-08,122.45,125.74,122.18,125.13,2932882.0,124.54,114.74,77.44,6.23,5.53,0.0,124.05
2024-08-09,124.64,124.64,123.34,124.17,3247914.0,124.33,115.75,74.9,6.02,5.63,0.67,123.8
2024-08-12,124.0,124.09,122.54,123.36,2585947.0,124.08,116.78,73.81,5.72,5.65,0.0,123.28
2024-08-13,123.43,125.4,122.74,125.35,3056591.0,124.17,117.88,77.88,5.58,5.63,0.18,123.47
2024-08-14,124.97,127.04,124.63,126.17,3252959.0,124.84,118.96,78.25,5.47,5.6,0.13,125.4
2024-08-15,127.32,127.94,126.17,127.16,3359903.0,125.24,120.11,50.0,5.4,5.56,0.85,126.22
2024-08-16,126.74,127.34,126.02,127.05,3812693.0,125.82,121.27,56.04,5.27,5.5,0.0,127.01
2024-08-19,127.08,127.85,126.53,127.08,2243571.0,126.56,122.38,51.17,5.12,5.43,0.75,126.8
2024-08-20,126.99,128.07,126.88,127.7,2792905.0,127.03,123.52,50.54,4.99,5.34,0.84,126.56
2024-08-21,127.84,129.99,127.66,129.23,3664550.0,127.64,124.82,59.61,4.95,5.26,0.0,127.54
2024-08-22,129.1,129.75,128.3,128.6,2300641.0,127.93,126.08,62.21,4.81,5.17,0.0,128.43
2024-08-23,129.23,130.65,128.85,130.55,2618842.0,128.63,126.25,69.69,4.81,5.1,0.0,129.31
2024-08-26,129.6,131.92,129.6,131.85,3915794.0,129.59,126.59,71.61,4.85,5.05,0.0,131.12
2024-08-27,131.32,132.62,130.95,131.4,2878736.0,130.33,126.82,79.57,4.8,5.0,0.0,131.2
2024-08-28,131.4,132.62,131.15,131.61,3274045.0,130.8,127.02,76.13,4.72,4.94,0.0,131.36
2024-08-29,131.65,133.18,131.34,132.91,2992832.0,131.66,127.34,84.3,4.7,4.89,0.0,132.09
2024-08-30,133.07,134.99,132.61,134.69,6092831.0,132.49,127.82,91.32,4.78,4.87,-0.4,133.98
2024-09-03,133.01,133.78,130.21,130.85,4024084.0,132.29,128.13,67.67,4.48,4.79,0.0,132.76
2024-09-04,131.19,132.86,130.85,132.15,3188715.0,132.44,128.49,68.64,4.3,4.69,0.32,131.51
2024-09-05,131.92,132.95,130.7,131.4,2725955.0,132.4,128.92,63.42,4.04,4.56,0.0,132.36
2024-09-06,130.5,132.1,128.02,128.6,3562233.0,131.54,129.09,54.19,3.58,4.37,0.0,130.47
2024-09-09,129.39,130.98,128.19,128.46,3616263.0,130.29,129.31,53.71,3.16,4.13,-0.18,129.08
2024-09-10,128.85,130.16,128.46,130.09,2732510.0,130.14,129.65,56.09,2.93,3.89,-0.05,130.89
2024-09-11,129.5,130.38,127.12,130.23,3283879.0,129.76,129.89,52.74,2.72,3.65,0.59,129.41
2024-09-12,130.3,132.72,130.1,132.03,3978880.0,129.88,130.18,58.84,2.67,3.46,0.0,131.44
2024-09-13,131.88,133.37,131.35,133.18,2670119.0,130.8,130.48,57.07,2.7,3.31,0.0,133.92
2024-09-16,133.98,135.28,133.83,134.61,3069311.0,132.03,130.86,57.37,2.8,3.2,0.0,133.01
2024-09-17,134.09,134.43,132.31,133.57,3969018.0,132.72,131.19,55.62,2.76,3.12,0.63,133.31
2024-09-18,133.26,134.28,131.76,133.36,2960934.0,133.35,131.47,54.53,2.69,3.03,0.74,133.68
2024-09-19,134.4,135.32,133.32,133.84,2691488.0,133.71,131.7,52.51,2.64,2.95,0.0,133.48
2024-09-20,133.01,134.95,132.77,134.77,11579638.0,134.03,132.01,50.23,2.64,2.89,0.0,131.66
2024-09-23,134.7,136.09,134.69,135.64,2638392.0,134.24,132.26,66.33,2.68,2.85,0.13,132.69
2024-09-24,136.47,137.94,136.35,137.22,3145327.0,134.97,132.53,66.96,2.81,2.84,0.0,136.43
2024-09-25,137.23,137.89,136.04,136.6,3580080.0,135.61,132.79,67.54,2.83,2.84,0.27,136.49
2024-09-26,137.56,140.72,137.55,139.44,4111107.0,136.73,133.18,86.47,3.04,2.88,0.0,138.36
2024-09-27,139.0,139.29,137.05,137.3,2956081.0,137.24,133.4,76.22,3.0,2.9,0.37,137.35
2024-09-30,137.83,137.95,135.23,136.7,3814148.0,137.45,133.5,70.88,2.88,2.9,0.0,138.11
2024-10-01,136.0,137.34,134.9,137.06,3050502.0,137.42,133.81,71.28,2.79,2.88,0.0,136.9
2024-10-02,137.22,137.22,135.37,135.43,2624867.0,137.19,133.98,60.71,2.55,2.81,0.0,136.7
2024-10-03,135.0,135.6,133.84,134.78,2504927.0,136.25,134.15,55.2,2.29,2.71,0.48,135.52
2024-10-04,135.84,135.93,134.05,135.27,2387396.0,135.85,134.48,52.29,2.09,2.58,0.66,135.19
2024-10-07,134.72,135.27,133.83,134.85,2254425.0,135.48,134.8,54.63,1.88,2.44,0.33,135.15
2024-10-08,134.48,135.04,133.3,134.69,2882081.0,135.0,135.03,54.83,1.69,2.29,0.74,133.41
2024-10-09,134.59,135.54,134.23,135.01,2671470.0,134.92,135.27,54.3,1.54,2.14,0.15,135.05
2024-10-10,134.43,134.49,132.93,133.46,3060118.0,134.66,135.34,45.4,1.28,1.97,0.2,134.7
2024-10-11,133.4,134.86,133.1,134.75,3103642.0,134.55,135.42,46.96,1.16,1.81,0.28,134.53
2024-10-14,134.4,135.9,134.02,135.76,2207917.0,134.73,135.48,44.82,1.14,1.67,0.0,136.52
2024-10-15,136.0,136.95,135.0,135.73,2465932.0,134.94,135.58,46.78,1.11,1.56,0.23,136.76
2024-10-16,135.6,137.05,135.33,136.35,2021056.0,135.21,135.73,36.29,1.12,1.47,0.65,136.4
2024-10-17,136.61,136.66,135.12,135.68,2328475.0,135.65,135.82,41.73,1.06,1.39,0.33,136.1
2024-10-18,135.69,136.12,134.29,135.14,2791646.0,135.73,135.84,41.99,0.96,1.3,0.0,134.91
2024-10-21,135.28,135.84,133.75,134.84,5940581.0,135.55,135.8,38.53,0.85,1.21,0.31,135.08
2024-10-22,140.19,141.34,130.82,131.73,13082258.0,134.75,135.53,33.42,0.5,1.07,0.5,133.64
2024-10-23,131.22,132.15,125.91,127.91,8116248.0,133.06,135.09,26.03,-0.08,0.84,0.72,128.28
2024-10-24,128.04,128.94,125.87,126.47,5085135.0,131.22,134.45,21.2,-0.65,0.54,-0.2,126.34
2024-10-25,126.6,127.04,124.5,124.75,3774883.0,129.14,133.82,19.54,-1.23,0.19,0.0,125.77
2024-10-28,126.65,130.8,126.06,130.29,5239178.0,128.23,133.5,39.98,-1.22,-0.09,0.0,129.1
2024-10-29,129.01,130.21,127.77,129.27,2820351.0,127.74,133.11,37.33,-1.29,-0.33,0.0,129.25
2024-10-30,129.0,129.45,127.42,127.56,2737150.0,127.67,132.71,37.07,-1.46,-0.56,0.36,127.78
2024-10-31,127.0,129.15,126.97,128.47,3408943.0,128.07,132.4,36.01,-1.5,-0.75,0.49,128.67
2024-11-01,128.47,128.52,126.85,127.22,3068858.0,128.56,132.0,31.17,-1.62,-0.92,0.0,127.33
2024-11-04,127.24,128.81,125.48,125.85,3643186.0,127.67,131.55,29.43,-1.8,-1.1,-0.44,126.21
2024-11-05,125.5,127.9,124.83,126.52,3943782.0,127.12,131.14,29.58,-1.87,-1.25,0.01,125.9
2024-11-06,130.7,134.4,129.6,133.92,4803188.0,128.4,131.08,47.14,-1.32,-1.27,0.89,132.33
2024-11-07,133.36,134.8,132.48,133.07,3906572.0,129.32,131.06,46.67,-0.93,-1.2,0.0,133.61
2024-11-08,133.45,135.02,133.2,134.34,3466066.0,130.74,131.04,49.22,-0.52,-1.06,0.54,134.03
2024-11-11,134.85,135.34,132.78,133.0,3791282.0,132.17,130.91,52.1,-0.3,-0.91,0.0,134.2
2024-11-12,132.8,133.2,128.47,130.35,3144974.0,132.94,130.64,54.19,-0.33,-0.79,0.46,131.17
2024-11-13,132.01,133.07,130.82,131.45,2675526.0,132.44,130.39,58.65,-0.27,-0.69,0.8,129.99
2024-11-14,131.87,133.31,131.77,132.32,2284136.0,132.29,130.22,63.54,-0.14,-0.58,0.25,133.43
2024-11-15,130.11,131.25,129.71,129.79,1929226.0,131.38,129.96,49.0,-0.25,-0.51,-0.65,130.22
2024-11-18,129.78,130.38,128.57,130.17,2433351.0,130.82,129.72,51.85,-0.3,-0.47,0.2,130.93
2024-11-19,129.01,129.26,128.0,128.19,2600637.0,130.38,129.55,51.28,-0.49,-0.47,0.3,128.07
2024-11-20,128.0,128.19,127.1,127.84,1700740.0,129.66,129.54,48.69,-0.66,-0.51,0.0,128.01
2024-11-21,127.73,128.58,126.32,127.32,2544777.0,128.66,129.58,50.21,-0.83,-0.58,0.0,126.67
2024-11-22,127.69,128.48,126.37,128.42,3052490.0,128.39,129.77,55.58,-0.87,-0.63,0.0,127.23
2024-11-25,129.21,130.6,127.55,130.32,5075140.0,128.42,129.77,57.84,-0.73,-0.65,0.44,131.14
2024-11-26,129.99,133.23,129.65,132.95,3080298.0,129.37,129.95,47.51,-0.41,-0.6,0.91,132.92
2024-11-27,133.91,135.55,132.36,132.48,2579605.0,130.3,130.2,48.45,-0.19,-0.52,0.0,130.03
2024-11-29,132.86,133.74,132.04,133.53,1618282.0,131.54,130.45,47.85,0.07,-0.4,0.0,134.08
2024-12-02,133.53,133.77,132.38,132.89,3002022.0,132.43,130.74,49.7,0.22,-0.28,0.0,133.28
2024-12-03,132.89,133.23,130.74,131.15,2378362.0,132.6,131.0,52.32,0.2,-0.18,0.0,130.49
2024-12-04,130.93,131.39,128.97,130.45,2503466.0,132.1,131.2,47.03,0.12,-0.12,0.38,131.45
2024-12-05,130.82,135.58,130.45,133.33,4171989.0,132.27,131.17,52.68,0.29,-0.04,0.0,133.62
2024-12-06,133.25,134.22,132.2,133.11,1912419.0,132.19,131.17,60.02,0.4,0.05,0.0,133.31
2024-12-09,133.1,133.85,131.27,131.49,3442505.0,131.91,131.03,53.71,0.35,0.11,0.03,131.14
2024-12-10,130.12,130.6,127.6,129.77,3225759.0,131.63,130.87,54.5,0.18,0.12,0.36,128.58
2024-12-11,130.27,130.67,129.26,129.77,4089900.0,131.49,130.84,55.61,0.03,0.1,0.0,129.99
2024-12-12,129.65,130.67,128.77,129.75,2915471.0,130.78,130.75,57.28,-0.08,0.07,0.34,129.21
2024-12-13,129.7,130.16,128.91,129.92,2382080.0,130.14,130.63,54.76,-0.15,0.02,0.0,129.99
2024-12-16,129.9,130.2,128.86,129.47,3097874.0,129.74,130.62,47.03,-0.24,-0.03,0.29,129.42
2024-12-17,128.41,129.36,127.65,128.05,2693196.0,129.39,130.51,31.3,-0.43,-0.11,0.75,127.71
2024-12-18,128.21,129.37,125.37,125.53,3748871.0,128.54,130.38,27.06,-0.77,-0.24,0.18,125.05
2024-12-19,126.65,127.74,125.71,127.13,3040663.0,128.02,130.34,29.62,-0.9,-0.37,0.67,127.17
2024-12-20,126.37,130.35,125.75,129.28,8351297.0,127.89,130.44,39.51,-0.82,-0.46,0.0,128.15
2024-12-23,128.5,129.19,127.75,128.98,2067478.0,127.79,130.47,43.12,-0.77,-0.52,0.1,127.99
2024-12-24,128.74,130.36,128.09,130.36,803216.0,128.26,130.47,49.73,-0.61,-0.54,0.0,132.18
2024-12-26,130.33,131.4,129.23,131.18,1485103.0,129.39,130.38,42.53,-0.42,-0.52,0.0,131.93
2024-12-27,129.91,131.18,129.21,130.18,1842823.0,130.0,130.27,40.34,-0.34,-0.48,0.0,129.65
2024-12-30,129.12,129.92,127.92,129.13,2153994.0,129.97,130.05,41.92,-0.36,-0.46,0.86,129.13
2024-12-31,129.2,130.05,128.66,129.09,2220414.0,129.99,129.86,47.37,-0.37,-0.44,0.0,129.09
