Date,Open,High,Low,Close,Volume
2022-01-03,217.52,222.06,217.0101,221.43,7696504.0
2022-01-04,222.0,226.79,221.81,222.46,10629274.0
2022-01-05,222.64,225.27,219.92,220.0,9594587.0
2022-01-06,217.8,221.91,217.55,219.75,7877498.0
2022-01-07,217.31,220.2,215.64,216.96,10702084.0
2022-01-10,213.975,214.2,206.5,211.97,11978564.0
2022-01-11,211.42,214.945,208.74,214.38,8797140.0
2022-01-12,214.48,217.58,213.8101,215.71,6923316.0
2022-01-13,216.85,220.48,214.655,215.0,8867716.0
2022-01-14,214.17,218.245,213.71,214.67,8838059.0
2022-01-18,215.88,216.905,214.33,215.71,9066661.0
2022-01-19,213.0,218.23,212.105,214.68,9105809.0
2022-01-20,214.72,219.603,213.94,214.35,8532719.0
2022-01-21,215.46,215.5998,205.82,205.93,16200186.0
2022-01-24,202.18,202.72,195.65,201.85,16071162.0
2022-01-25,199.62,205.38,196.99,202.0,12125533.0
2022-01-26,204.28,210.86,203.67,205.87,10817631.0
2022-01-27,209.5,210.96,205.85,206.15,12009810.0
2022-01-28,220.64,228.12,216.1,228.0,26425262.0
2022-01-31,225.55,226.38,222.05,226.17,12380639.0
2022-02-01,226.9,234.6101,226.42,232.36,12247202.0
2022-02-02,231.3,235.85,230.01,235.42,10590512.0
2022-02-03,233.04,233.49,230.55,231.54,9968000.0
2022-02-04,228.5,230.22,224.95,228.39,10848120.0
2022-02-07,228.0,229.92,226.01,227.16,5984549.0
2022-02-08,226.26,228.5,224.75,227.94,7542245.0
2022-02-09,230.13,233.15,230.12,230.87,7772795.0
2022-02-10,228.03,229.95,224.87,225.59,6794620.0
2022-02-11,227.25,229.1,223.54,224.69,7535206.0
2022-02-14,223.29,227.2601,222.81,225.34,8280829.0
2022-02-15,227.27,229.29,224.91,227.82,9461976.0
2022-02-16,227.5,229.88,225.595,228.82,9561287.0
2022-02-17,228.4,228.81,224.17,224.61,8131174.0
2022-02-18,224.6,225.74,221.84,222.69,8121159.0
2022-02-22,221.02,224.34,219.92,221.32,9822768.0
2022-02-23,222.84,224.28,215.42,215.95,8669920.0
2022-02-24,203.37,217.8626,201.45,217.3,13463411.0
2022-02-25,217.29,220.68,214.25,219.27,8463568.0
2022-02-28,216.0,218.65,213.24,216.12,8409382.0
2022-03-01,214.48,215.15,207.28,208.97,9317829.0
2022-03-02,206.9,210.54,206.19,208.48,8865706.0
2022-03-03,210.55,211.5,206.56,207.23,8610028.0
2022-03-04,205.0,206.37,196.86,200.29,10914620.0
2022-03-07,199.84,200.18,190.045,190.7,13412350.0
2022-03-08,190.01,196.42,186.67,191.71,11070893.0
2022-03-09,196.5,200.5,195.24,199.76,8457627.0
2022-03-10,196.9,199.94,196.3,197.97,7061604.0
2022-03-11,200.75,200.84,196.46,196.71,5432099.0
2022-03-14,198.42,204.43,198.16,200.33,7994657.0
2022-03-15,202.09,206.41,201.4,206.14,8277668.0
2022-03-16,210.0,213.665,207.0,211.87,9232292.0
2022-03-17,209.93,213.54,208.72,213.45,6668467.0
2022-03-18,211.7,219.26,210.29,219.11,14439387.0
2022-03-21,216.34,218.055,214.55,217.04,6050182.0
2022-03-22,217.84,219.57,217.175,218.47,6246302.0
2022-03-23,215.3,217.285,214.2,214.68,6007963.0
2022-03-24,214.99,217.66,214.0,217.31,5486991.0
2022-03-25,218.42,218.93,215.6875,218.43,4992844.0
2022-03-28,218.5,220.98,217.51,220.77,4316817.0
2022-03-29,224.84,228.81,223.78,228.12,8032486.0
2022-03-30,225.84,226.16,222.73,223.95,7084039.0
2022-03-31,223.91,225.92,220.44,221.77,10759520.0
2022-04-01,223.08,226.63,222.23,226.36,6559565.0
2022-04-04,225.76,229.24,224.96,227.74,8521645.0
2022-04-05,226.83,228.99,225.31,226.09,4532397.0
2022-04-06,222.78,222.87,218.62,219.01,7430023.0
2022-04-07,218.31,218.68,213.68,216.15,6995062.0
2022-04-08,214.81,219.405,213.08,216.98,5438734.0
2022-04-11,215.25,217.3,213.41,214.75,6942735.0
2022-04-12,216.5,216.99,210.7,211.4,7446590.0
2022-04-13,210.43,213.85,207.171,213.27,8052883.0
2022-04-14,214.27,215.95,212.53,212.79,8191575.0
2022-04-18,211.67,215.8319,211.52,213.17,4744430.0
2022-04-19,213.1,216.51,212.44,215.7,5028806.0
2022-04-20,218.66,220.8187,217.39,217.79,7122134.0
2022-04-21,219.51,223.92,215.35,216.45,8850268.0
2022-04-22,216.24,216.56,207.95,208.17,6201091.0
2022-04-25,206.35,210.5312,205.33,209.95,6839415.0
2022-04-26,206.98,208.56,201.1,201.1,7855387.0
2022-04-27,217.37,221.8,213.05,214.11,15955804.0
2022-04-28,220.4,224.93,219.27,220.66,10801088.0
2022-04-29,218.62,221.2008,212.35,213.13,7964954.0
2022-05-02,211.77,212.14,206.96,211.53,8803722.0
2022-05-03,213.61,213.61,206.27,208.56,6616908.0
2022-05-04,209.35,214.8,205.33,214.52,7159108.0
2022-05-05,212.27,214.58,203.07,205.24,7749564.0
2022-05-06,203.75,205.72,200.22,202.82,8825334.0
2022-05-09,200.05,200.75,192.08,193.0,10314141.0
2022-05-10,196.71,197.75,190.97,193.58,11016488.0
2022-05-11,193.49,198.32,191.4,196.72,9427340.0
2022-05-12,194.53,196.06,189.95,193.97,9308563.0
2022-05-13,197.0,200.54,196.5,199.23,6684482.0
2022-05-16,197.32,199.94,195.88,197.81,5161272.0
2022-05-17,202.85,204.8,200.15,204.0,7265568.0
2022-05-18,202.82,205.46,199.13,199.99,8748239.0
2022-05-19,196.35,200.42,193.31,197.37,9012392.0
2022-05-20,199.67,201.66,194.02,199.03,6966630.0
2022-05-23,200.88,207.96,200.77,207.56,12187430.0
2022-05-24,203.91,204.6729,199.03,202.63,7458655.0
2022-05-25,200.59,204.95,200.47,203.84,5457179.0
2022-05-26,205.11,209.74,204.67,208.55,9212253.0
2022-05-27,210.0,213.23,209.64,212.88,4897174.0
2022-05-31,210.38,214.35,209.11,212.17,9586408.0
2022-06-01,212.05,214.11,208.82,209.93,5246111.0
2022-06-02,211.89,215.25,211.08,215.05,5337228.0
2022-06-03,212.95,214.21,211.27,212.65,4352528.0
2022-06-06,215.45,217.58,212.09,212.94,3965080.0
2022-06-07,211.12,214.97,210.72,214.5,4493312.0
2022-06-08,213.76,215.57,212.83,213.5,3646279.0
2022-06-09,212.59,213.71,206.02,206.11,5140550.0
2022-06-10,201.65,203.42,199.18,199.51,5163771.0
2022-06-13,192.99,195.89,191.08,192.26,7119242.0
2022-06-14,192.72,194.34,191.75,193.52,6441168.0
2022-06-15,195.98,198.83,192.23,196.16,6490000.0
2022-06-16,191.41,191.87,187.53,189.05,9887176.0
2022-06-17,186.93,191.3053,185.91,190.01,15089338.0
2022-06-21,195.71,196.73,193.73,194.39,6241638.0
2022-06-22,191.25,196.39,191.03,193.82,5139086.0
2022-06-23,196.14,197.46,193.45,196.64,4752787.0
2022-06-24,197.73,205.64,197.51,205.51,7754785.0
2022-06-27,205.75,207.09,202.6149,203.56,6121223.0
2022-06-28,204.0,206.79,197.5,198.12,4372458.0
2022-06-29,197.32,200.64,197.32,199.5,4324567.0
2022-06-30,195.37,198.85,192.85,196.89,7045200.0
2022-07-01,196.79,199.8,194.71,199.18,4131776.0
2022-07-05,196.23,200.57,194.14,200.54,4110884.0
2022-07-06,200.0,202.51,198.665,201.12,4111355.0
2022-07-07,202.54,203.43,200.04,202.8,4650703.0
2022-07-08,202.32,204.1,200.46,203.57,3621759.0
2022-07-11,202.0,206.74,202.0,205.06,5366255.0
2022-07-12,203.25,208.12,202.76,204.82,6779493.0
2022-07-13,200.43,205.57,199.5,204.15,7597330.0
2022-07-14,200.0,206.08,197.98,205.91,5605463.0
2022-07-15,209.37,211.71,207.18,210.04,7245682.0
2022-07-18,211.5,212.91,206.64,207.21,4648889.0
2022-07-19,208.22,214.11,207.9,213.66,4927142.0
2022-07-20,212.0,214.13,211.21,213.37,4460290.0
2022-07-21,213.15,216.9,212.73,216.19,4801270.0
2022-07-22,217.93,218.07,212.12,213.7,5071466.0
2022-07-25,214.58,214.8,211.62,214.27,4357203.0
2022-07-26,213.85,215.15,211.75,212.49,6140989.0
2022-07-27,210.77,216.85,201.2,210.47,17432242.0
2022-07-28,210.64,212.72,207.92,211.35,7477062.0
2022-07-29,212.0,214.16,209.83,212.11,6059699.0
2022-08-01,208.45,213.985,207.56,211.36,8028363.0
2022-08-02,207.8,208.8379,203.93,206.26,9939408.0
2022-08-03,207.99,210.33,206.88,208.48,9520093.0
2022-08-04,210.53,214.88,208.55,213.47,6789745.0
2022-08-05,210.71,215.95,210.5,215.87,5553727.0
2022-08-08,215.23,216.63,212.0488,213.32,4065782.0
2022-08-09,212.0,213.45,209.75,210.26,4596766.0
2022-08-10,214.83,214.84,211.31,212.1,5746447.0
2022-08-11,213.29,213.5,210.59,211.08,6639640.0
2022-08-12,213.0,213.22,210.1,211.33,6443688.0
2022-08-15,210.37,216.74,210.37,216.42,5290623.0
2022-08-16,214.55,217.61,212.13,217.14,6564448.0
2022-08-17,215.0,216.18,212.75,214.52,4902450.0
2022-08-18,213.87,216.0,212.43,215.25,4516632.0
2022-08-19,214.11,215.23,212.39,212.82,4178804.0
2022-08-22,209.94,211.25,208.2,208.61,5139544.0
2022-08-23,208.0,209.3,206.53,206.8,3525495.0
2022-08-24,206.63,208.35,205.675,206.67,4230836.0
2022-08-25,207.39,209.91,206.5,209.82,4495041.0
2022-08-26,209.77,210.2599,202.7,202.89,5060213.0
2022-08-29,201.25,203.96,200.62,202.33,4473900.0
2022-08-30,203.92,204.41,200.21,201.38,3918150.0
2022-08-31,201.0,203.165,198.64,198.71,6559042.0
2022-09-01,198.72,200.43,196.66,200.13,5608324.0
2022-09-02,202.44,202.48,196.85,197.76,4508486.0
2022-09-06,197.9,200.04,196.4,198.64,4535351.0
2022-09-07,198.71,201.135,197.22,200.42,4098289.0
2022-09-08,197.4,201.11,196.96,200.71,4377815.0
2022-09-09,202.07,206.3953,201.35,205.2,4886179.0
2022-09-12,206.5,207.19,204.95,206.63,3812287.0
2022-09-13,202.05,203.47,198.87,199.67,5217877.0
2022-09-14,200.0,200.88,198.06,199.41,4632813.0
2022-09-15,198.09,200.31,194.53,195.37,6099262.0
2022-09-16,190.22,193.82,188.22,193.3,9398242.0
2022-09-19,191.59,193.99,190.71,193.13,8133561.0
2022-09-20,191.1,193.03,190.29,192.07,5292529.0
2022-09-21,192.53,193.09,187.0,187.02,6705947.0
2022-09-22,186.35,187.21,184.66,185.79,6589853.0
2022-09-23,183.47,184.58,182.23,183.96,10755790.0
2022-09-26,183.04,184.5,179.9,180.59,9914638.0
2022-09-27,182.51,184.85,177.0208,177.87,9799633.0
2022-09-28,177.26,180.1,174.83,179.18,9750959.0
2022-09-29,178.83,182.24,178.725,180.06,9105169.0
2022-09-30,180.06,182.92,177.595,177.65,9472265.0
2022-10-03,179.34,183.36,178.15,181.65,8842330.0
2022-10-04,185.05,186.2125,183.07,185.65,7081350.0
2022-10-05,183.34,188.82,182.36,187.67,6119876.0
2022-10-06,186.65,188.05,185.25,185.59,5163043.0
2022-10-07,183.45,184.61,181.93,183.83,5610282.0
2022-10-10,184.13,184.78,180.9,182.18,4743798.0
2022-10-11,180.37,181.64,178.19,179.14,6294466.0
2022-10-12,179.09,180.59,178.22,178.24,4884685.0
2022-10-13,175.0,185.37,174.6,184.66,8426365.0
2022-10-14,186.79,187.13,182.07,182.62,6451219.0
2022-10-17,186.0,188.57,182.85,185.25,13952080.0
2022-10-18,189.49,190.19,185.74,187.17,5209168.0
2022-10-19,185.49,187.64,184.755,186.41,4927019.0
2022-10-20,186.46,190.98,186.43,187.22,5706843.0
2022-10-21,185.8,190.95,185.05,190.37,7582542.0
2022-10-24,191.41,193.13,189.1,190.71,7299213.0
2022-10-25,190.87,195.23,190.72,194.38,11907242.0
2022-10-26,196.58,206.365,196.5,203.33,15453125.0
2022-10-27,203.32,206.32,201.59,204.29,7946686.0
2022-10-28,205.0,211.5186,203.31,209.34,8455603.0
2022-10-31,208.92,209.62,206.2,207.16,8674102.0
2022-11-01,208.91,209.97,205.33,206.93,5919513.0
2022-11-02,205.76,207.0,200.58,200.95,6987791.0
2022-11-03,198.28,198.85,194.18,194.75,8236227.0
2022-11-04,197.0,201.45,195.34,196.98,9680124.0
2022-11-07,198.32,200.44,197.17,200.1,7821258.0
2022-11-08,201.66,204.12,199.74,201.78,6943708.0
2022-11-09,200.7,201.33,193.325,193.93,7320221.0
2022-11-10,203.09,205.76,200.02,205.57,8048860.0
2022-11-11,206.0,206.425,202.15,205.0,9601019.0
2022-11-14,203.5,209.1664,203.21,206.86,5796113.0
2022-11-15,209.99,213.73,207.51,209.99,7316129.0
2022-11-16,208.58,210.89,208.22,210.14,6125300.0
2022-11-17,207.96,211.28,207.3243,210.99,5386197.0
2022-11-18,213.17,214.17,209.74,210.8,8028541.0
2022-11-21,210.3,210.55,205.89,206.32,10450939.0
2022-11-22,207.54,210.48,205.35,210.33,5273142.0
2022-11-23,210.0,212.83,209.915,211.73,3807338.0
2022-11-25,211.71,214.0,211.385,213.79,1993541.0
2022-11-28,212.26,214.47,210.65,211.26,10229683.0
2022-11-29,209.35,210.154,207.346,209.06,8986852.0
2022-11-30,208.22,217.0,208.01,217.0,13918125.0
2022-12-01,217.0,218.65,215.3,217.0,11261545.0
2022-12-02,215.73,218.48,214.235,217.66,5132837.0
2022-12-05,215.65,216.9099,213.05,213.68,9006308.0
2022-12-06,212.0,212.13,207.64,209.08,5985961.0
2022-12-07,208.8,209.0153,205.13,207.81,7923847.0
2022-12-08,209.51,210.3,207.75,209.1,4896614.0
2022-12-09,207.91,210.52,207.52,208.7,4928579.0
2022-12-12,210.0,214.815,209.47,214.59,5941732.0
2022-12-13,219.54,219.98,212.62,213.04,14585020.0
2022-12-14,212.85,216.2835,211.63,213.32,7001704.0
2022-12-15,209.6,211.82,206.82,207.91,10833163.0
2022-12-16,207.49,208.404,205.3,206.89,12473052.0
2022-12-19,206.63,207.47,203.95,204.82,4893648.0
2022-12-20,203.88,206.53,203.55,205.36,5024855.0
2022-12-21,206.57,207.96,205.58,206.81,4086940.0
2022-12-22,205.75,206.65,202.13,205.06,5690926.0
2022-12-23,204.13,206.24,203.5154,205.83,3246162.0
2022-12-27,205.92,206.88,204.6,206.29,2904905.0
2022-12-28,206.68,208.53,204.8,204.99,3139186.0
2022-12-29,205.95,208.53,205.5,208.06,3675605.0
2022-12-30,206.31,208.04,205.7,207.76,4159463.0
2023-01-03,209.28,212.325,206.16,207.39,4202971.0
2023-01-04,209.62,213.2,209.62,212.61,6606249.0
2023-01-05,213.8,214.16,210.46,211.11,5246222.0
2023-01-06,214.0,218.14,213.09,217.75,6829695.0
2023-01-09,219.07,222.21,218.35,218.6,6294533.0
2023-01-10,218.99,222.39,218.18,221.09,10857022.0
2023-01-11,221.29,222.18,219.7,222.1,5408193.0
2023-01-12,222.1,223.81,220.61,223.62,4264404.0
2023-01-13,221.91,223.755,220.14,223.06,4283182.0
2023-01-17,222.38,224.4,222.37,223.0,6101118.0
2023-01-18,224.08,224.99,219.44,219.46,6558014.0
2023-01-19,218.1,221.52,217.5,220.41,4853085.0
2023-01-20,221.14,224.43,220.41,224.31,5210962.0
2023-01-23,224.6,226.2,223.1538,224.18,5501462.0
2023-01-24,222.02,230.0,216.63,223.89,5274900.0
2023-01-25,221.62,224.97,221.17,224.9,4729630.0
2023-01-26,226.0,227.08,223.67,224.71,7043444.0
2023-01-27,228.0,232.84,227.25,231.44,11382643.0
2023-01-30,230.2,230.42,227.93,229.1,5677404.0
2023-01-31,228.81,230.8,228.445,230.21,11294209.0
2023-02-01,229.37,232.66,227.8,230.9,5792650.0
2023-02-02,233.96,234.3,228.37,229.56,7189990.0
2023-02-03,228.69,230.86,227.64,230.13,5243645.0
2023-02-06,228.7,230.26,228.035,229.44,3402356.0
2023-02-07,228.02,232.13,227.95,231.32,4042815.0
2023-02-08,230.34,231.86,229.99,230.2,4978585.0
2023-02-09,232.41,232.475,229.125,229.35,5238412.0
2023-02-10,228.96,229.91,226.16,227.2,4509889.0
2023-02-13,226.88,229.83,226.27,228.88,4946705.0
2023-02-14,228.67,231.42,227.17,229.39,4829396.0
2023-02-15,227.59,229.07,226.8,228.92,4407545.0
2023-02-16,226.07,228.36,225.67,225.83,3865852.0
2023-02-17,224.18,224.7719,221.74,223.56,4520303.0
2023-02-21,220.16,222.44,219.99,220.62,7276091.0
2023-02-22,220.41,221.75,219.45,220.02,4621995.0
2023-02-23,221.56,222.09,218.9301,221.13,5533847.0
2023-02-24,218.48,220.24,217.46,219.55,4414363.0
2023-02-27,220.73,221.44,219.341,220.35,4255459.0
2023-02-28,220.0,221.7731,219.5,219.94,5385356.0
2023-03-01,219.46,220.27,216.43,218.36,4792656.0
2023-03-02,217.89,219.6,217.09,219.06,5539467.0
2023-03-03,220.2,224.015,219.9,223.77,6055410.0
2023-03-06,223.93,227.415,223.69,226.75,5737589.0
2023-03-07,226.75,227.38,223.08,223.17,4386798.0
2023-03-08,221.96,222.93,221.18,222.19,4195134.0
2023-03-09,221.4,224.37,219.66,220.01,5066656.0
2023-03-10,219.03,219.12,215.48,216.14,6639144.0
2023-03-13,214.63,217.85,212.5,214.47,6810947.0
2023-03-14,218.0,219.87,216.04,218.66,7985583.0
2023-03-15,214.41,216.91,213.67,216.37,8372233.0
2023-03-16,215.17,217.58,208.76,217.45,13677052.0
2023-03-17,214.87,218.66,214.87,217.39,18801184.0
2023-03-20,217.0,220.545,216.84,218.15,9817486.0
2023-03-21,221.34,222.505,218.68,221.95,8971367.0
2023-03-22,222.5,224.9,219.92,220.04,6700556.0
2023-03-23,220.44,225.25,220.26,222.59,6427712.0
2023-03-24,220.67,221.33,218.25,221.04,4792394.0
2023-03-27,222.59,224.08,221.39,221.81,7211050.0
2023-03-28,222.82,223.33,218.65,220.33,6418581.0
2023-03-29,222.29,223.55,220.92,223.3,4482956.0
2023-03-30,223.92,224.235,221.21,222.36,5383945.0
2023-03-31,223.6,225.84,223.29,225.46,9508978.0
2023-04-03,225.23,229.16,224.12,229.0,6421512.0
2023-04-04,229.0,230.05,226.83,227.66,5254725.0
2023-04-05,226.78,228.47,226.55,228.17,4813750.0
2023-04-06,226.16,226.73,224.68,225.99,4285206.0
2023-04-10,225.56,226.48,224.32,226.43,4952351.0
2023-04-11,227.0,229.135,226.2,228.45,4513395.0
2023-04-12,229.93,231.59,227.33,227.81,4373002.0
2023-04-13,229.46,232.84,228.8,232.69,7615523.0
2023-04-14,232.99,234.99,232.24,234.02,9781266.0
2023-04-17,234.02,234.05,230.94,233.48,4048512.0
2023-04-18,233.75,234.33,231.69,233.6,4796178.0
2023-04-19,234.0,234.06,231.85,232.57,3833933.0
2023-04-20,232.46,234.67,231.5,234.6,4925659.0
2023-04-21,235.0,235.568,233.38,234.05,6771589.0
2023-04-24,234.23,235.15,231.51,232.76,9124050.0
2023-04-25,233.02,235.02,229.425,229.59,6076450.0
2023-04-26,231.22,232.77,226.72,228.15,8396290.0
2023-04-27,228.67,229.63,226.61,229.01,7128188.0
2023-04-28,228.65,233.5727,228.06,232.73,11627877.0
2023-05-01,232.87,234.59,231.51,232.51,4571070.0
2023-05-02,231.95,232.37,226.21,226.98,5244016.0
2023-05-03,226.98,228.67,225.92,225.98,4093320.0
2023-05-04,224.84,226.055,223.48,225.6,5648862.0
2023-05-05,228.34,232.34,227.29,231.78,6237483.0
2023-05-08,231.25,233.45,231.25,232.23,2938546.0
2023-05-09,231.08,234.09,230.821,233.26,4352067.0
2023-05-10,234.3,234.81,228.9,231.27,5245220.0
2023-05-11,230.75,231.52,228.27,231.01,3818035.0
2023-05-12,232.0,232.73,229.82,231.38,3432730.0
2023-05-15,231.19,232.83,230.55,232.81,2843284.0
2023-05-16,232.56,233.0988,229.63,230.47,4289809.0
2023-05-17,232.73,233.8892,230.55,232.65,4990276.0
2023-05-18,232.4,234.149,231.13,233.6,6621870.0
2023-05-19,234.0,234.34,231.94,233.31,5399403.0
2023-05-22,233.31,233.87,231.175,231.28,3987775.0
2023-05-23,229.27,229.49,223.66,224.58,8537241.0
2023-05-24,222.55,223.1,220.03,222.25,6730750.0
2023-05-25,222.45,224.69,220.49,223.38,6827756.0
2023-05-26,223.82,226.21,223.34,225.01,5067460.0
2023-05-30,225.01,225.47,219.75,221.64,6916013.0
2023-05-31,219.96,221.53,216.14,221.03,19886054.0
2023-06-01,222.73,226.71,222.425,226.5,7003563.0
2023-06-02,228.81,230.27,227.42,228.79,5897069.0
2023-06-05,227.91,228.33,225.31,226.77,4858949.0
2023-06-06,226.69,229.25,226.16,228.22,6020168.0
2023-06-07,227.0,227.55,221.02,225.27,8517188.0
2023-06-08,225.09,225.135,222.41,223.05,6250073.0
2023-06-09,223.64,225.18,222.76,223.56,6385287.0
2023-06-12,224.41,226.45,223.63,226.17,8621521.0
2023-06-13,225.62,227.15,222.63,223.4,6868741.0
2023-06-14,223.74,225.47,222.58,223.44,9160723.0
2023-06-15,222.02,227.11,221.37,226.17,12533970.0
2023-06-16,226.45,229.7995,226.08,228.91,13628902.0
2023-06-20,227.0,229.5675,226.18,226.47,12312629.0
2023-06-21,226.12,228.63,224.98,227.25,7032143.0
2023-06-22,226.36,228.93,225.5,228.39,6275806.0
2023-06-23,227.22,229.98,226.39,229.55,5424352.0
2023-06-26,229.44,230.1,226.2,226.3,5165372.0
2023-06-27,227.48,228.61,226.52,227.34,4628474.0
2023-06-28,227.5,228.06,226.02,227.96,5324532.0
2023-06-29,228.79,234.7,228.601,234.32,7118889.0
2023-06-30,236.27,238.28,235.95,237.48,6879444.0
2023-07-03,237.0,238.4,235.41,237.97,3087351.0
2023-07-05,234.41,240.0,233.9908,239.45,7601399.0
2023-07-06,238.27,239.6,236.69,238.88,6442089.0
2023-07-07,236.73,238.44,236.13,236.45,5729515.0
2023-07-10,237.01,239.0957,236.5,238.16,4858862.0
2023-07-11,238.81,240.7,238.12,240.55,3857069.0
2023-07-12,241.55,243.95,241.23,242.21,6116018.0
2023-07-13,243.79,244.265,243.15,243.31,5819609.0
2023-07-14,244.73,244.74,241.96,243.16,4941178.0
2023-07-17,243.11,245.37,243.0,243.99,4328605.0
2023-07-18,243.1,243.18,237.68,240.77,7674704.0
2023-07-19,241.25,242.59,240.12,241.42,4835518.0
2023-07-20,241.16,241.61,239.07,239.62,4694950.0
2023-07-21,239.74,240.345,238.73,239.25,5427353.0
2023-07-24,239.68,241.275,238.19,240.74,6009950.0
2023-07-25,240.02,240.8,238.56,238.69,4997534.0
2023-07-26,231.415,238.85,227.68,237.1,7551396.0
2023-07-27,237.42,238.66,232.96,234.44,8160062.0
2023-07-28,234.58,235.88,233.71,235.75,6795307.0
2023-07-31,236.0,238.42,236.0,237.73,4799690.0
2023-08-01,237.14,240.73,237.0,239.78,4629291.0
2023-08-02,238.63,238.79,236.79,237.56,4868402.0
2023-08-03,236.0,239.05,235.245,238.76,5034095.0
2023-08-04,238.0,241.91,237.84,238.99,5169670.0
2023-08-07,239.22,242.18,239.21,241.51,5649780.0
2023-08-08,240.42,241.36,237.39,239.29,5080585.0
2023-08-09,240.5,241.97,239.49,239.76,4055027.0
2023-08-10,240.62,243.95,240.09,240.16,4778017.0
2023-08-11,240.0,240.72,238.415,240.04,3607104.0
2023-08-14,240.72,243.33,240.26,242.9,4351136.0
2023-08-15,242.01,242.67,239.35,239.83,3770078.0
2023-08-16,236.53,241.065,236.0162,239.29,3218574.0
2023-08-17,240.0,240.38,236.49,237.37,4177578.0
2023-08-18,235.58,239.05,235.3,238.17,4344962.0
2023-08-21,239.38,240.53,237.755,239.46,3573630.0
2023-08-22,240.0,241.43,238.67,240.57,3848688.0
2023-08-23,241.32,242.54,240.72,242.3,4947728.0
2023-08-24,242.25,243.56,239.36,239.47,4570869.0
2023-08-25,241.38,243.41,240.21,242.57,3541533.0
2023-08-28,243.01,245.23,242.6,243.83,3741458.0
2023-08-29,243.5,245.83,243.4,245.34,3975738.0
2023-08-30,246.42,248.23,246.05,246.23,4573291.0
2023-08-31,245.59,248.02,245.45,245.68,5532610.0
2023-09-01,247.47,248.87,246.77,248.11,4112905.0
2023-09-05,248.35,248.69,245.2,245.34,4459645.0
2023-09-06,245.42,246.66,244.21,246.16,4520355.0
2023-09-07,245.5,247.4,245.1114,247.14,4008017.0
2023-09-08,247.79,248.14,246.44,247.29,3309819.0
2023-09-11,247.33,248.36,246.27,247.22,2995835.0
2023-09-12,246.94,247.76,246.01,247.3,3499561.0
2023-09-13,247.15,250.06,246.61,247.83,5657025.0
2023-09-14,245.0,245.54,238.75,241.5,11999981.0
2023-09-15,241.9,244.1,240.03,241.07,13077932.0
2023-09-18,240.94,245.23,240.77,244.66,4771567.0
2023-09-19,245.0,245.12,241.46,243.56,4709207.0
2023-09-20,243.63,244.53,241.67,241.86,5756898.0
2023-09-21,240.77,240.78,236.27,236.61,6881943.0
2023-09-22,236.75,237.79,234.88,235.08,5935586.0
2023-09-25,235.38,235.47,232.21,233.36,5921753.0
2023-09-26,231.93,232.67,229.6,229.65,6193243.0
2023-09-27,230.26,230.68,227.92,229.5,6006676.0
2023-09-28,230.67,232.535,229.67,231.66,4203886.0
2023-09-29,232.84,233.03,229.65,230.01,6045177.0
2023-10-02,229.24,231.37,228.77,231.27,5175345.0
2023-10-03,230.47,231.75,227.78,228.81,5585744.0
2023-10-04,229.48,231.7,228.88,231.22,5430925.0
2023-10-05,230.41,234.19,230.22,233.48,6126433.0
2023-10-06,233.17,236.59,232.75,235.04,6401280.0
2023-10-09,232.8,235.17,231.7,234.44,5372332.0
2023-10-10,234.9,238.22,234.28,236.6,4644223.0
2023-10-11,237.55,238.505,234.89,235.68,4760890.0
2023-10-12,236.71,237.73,234.89,236.78,4472920.0
2023-10-13,236.39,238.65,236.23,237.67,4966925.0
2023-10-16,239.0,240.71,238.33,240.07,6227475.0
2023-10-17,239.63,241.48,238.29,241.2,4527629.0
2023-10-18,239.96,240.83,236.99,237.47,9528487.0
2023-10-19,237.47,237.92,233.405,233.81,5927439.0
2023-10-20,234.13,235.77,232.64,233.38,5748421.0
2023-10-23,231.36,234.46,231.28,231.53,5071710.0
2023-10-24,232.89,236.53,232.89,234.65,6844055.0
2023-10-25,232.25,238.48,231.29,236.85,10365335.0
2023-10-26,234.57,235.605,230.36,231.28,6414495.0
2023-10-27,231.17,231.39,228.03,229.27,5540934.0
2023-10-30,232.19,233.38,230.03,233.08,5170329.0
2023-10-31,233.57,235.7199,232.99,235.1,4828403.0
2023-11-01,236.14,239.04,235.68,238.58,4996404.0
2023-11-02,239.91,243.25,239.2,243.25,6286743.0
2023-11-03,245.12,245.32,242.26,243.6,5030010.0
2023-11-06,244.0,244.7799,242.61,243.49,5254340.0
2023-11-07,243.41,245.07,243.38,244.77,4219744.0
2023-11-08,243.49,244.75,242.8,243.91,5117726.0
2023-11-09,244.33,244.48,240.97,241.64,4866610.0
2023-11-10,243.98,245.27,241.97,245.25,4094940.0
2023-11-13,245.0,245.68,244.11,244.67,4088661.0
2023-11-14,246.17,247.93,245.58,246.94,14092026.0
2023-11-15,246.81,248.24,245.34,248.11,13258892.0
2023-11-16,248.59,249.45,247.27,248.57,7051607.0
2023-11-17,249.45,250.24,248.66,249.56,7238324.0
2023-11-20,249.61,250.93,245.6,249.97,8604744.0
2023-11-21,250.03,253.34,250.03,252.23,7213943.0
2023-11-22,253.0,254.54,252.66,253.72,5702542.0
2023-11-24,254.19,254.7,253.5,254.3,1640931.0
2023-11-27,254.3,254.98,252.52,254.14,5478887.0
2023-11-28,253.85,254.15,251.61,252.94,5234927.0
2023-11-29,253.92,256.065,253.52,254.23,4955093.0
2023-11-30,254.25,256.77,253.17,256.68,6874885.0
2023-12-01,255.79,256.91,253.9,256.45,3939644.0
2023-12-04,255.91,257.385,254.35,254.44,5247450.0
2023-12-05,254.19,254.82,252.14,254.61,4199094.0
2023-12-06,255.8,256.83,253.53,254.29,3804631.0
2023-12-07,254.89,256.14,253.5,255.82,3589256.0
2023-12-08,255.0,256.04,253.87,255.74,3732515.0
2023-12-11,255.0,257.63,255.0,256.52,6479312.0
2023-12-12,257.3,259.72,256.395,259.56,5946564.0
2023-12-13,259.15,262.48,258.69,262.38,4859887.0
2023-12-14,263.19,263.25,256.4,258.73,8168683.0
2023-12-15,254.51,258.37,254.446,258.03,13373952.0
2023-12-18,258.7,259.59,257.9473,258.37,6041140.0
2023-12-19,258.61,260.34,257.2,259.99,8720308.0
2023-12-20,260.5,260.82,257.08,257.11,7240857.0
2023-12-21,257.51,259.99,257.04,259.54,6246652.0
2023-12-22,260.0,261.205,258.22,258.43,5111707.0
2023-12-26,258.53,259.735,258.53,259.16,2085089.0
2023-12-27,259.25,259.77,258.31,258.93,3976811.0
2023-12-28,258.54,260.97,258.54,260.4,3020454.0
2023-12-29,260.57,261.46,259.67,260.35,4074872.0
2024-01-02,259.61,260.09,257.67,258.87,5470986.0
2024-01-03,258.55,258.86,256.86,257.98,4148294.0
2024-01-04,258.07,261.04,258.0,259.61,3842976.0
2024-01-05,260.78,261.4599,258.75,259.69,3723363.0
2024-01-08,260.94,262.62,259.95,262.54,4659030.0
2024-01-09,262.0,263.62,261.1435,263.33,7055782.0
2024-01-10,264.97,265.37,262.86,264.56,4355784.0
2024-01-11,265.46,266.19,262.4,264.03,5598998.0
2024-01-12,265.13,265.55,263.71,264.17,4656238.0
2024-01-16,263.52,265.66,262.35,265.24,6196414.0
2024-01-17,264.42,267.1,264.39,266.63,5118722.0
2024-01-18,267.88,268.78,266.415,268.14,6694264.0
2024-01-19,268.18,271.15,267.05,270.9,7226520.0
2024-01-22,272.24,272.35,270.36,271.2,5984272.0
2024-01-23,271.55,271.87,269.91,271.26,5882995.0
2024-01-24,272.57,272.86,271.075,271.65,4944962.0
2024-01-25,271.95,272.78,270.8,272.61,6894942.0
2024-01-26,265.94,270.8704,265.6,267.94,8586548.0
2024-01-29,266.97,275.07,266.71,273.66,6574480.0
2024-01-30,274.59,278.64,274.19,277.15,6548999.0
2024-01-31,277.12,279.99,273.18,273.26,6139312.0
2024-02-01,273.39,277.19,273.36,277.05,7064976.0
2024-02-02,277.61,278.5,275.68,277.18,4848891.0
2024-02-05,277.4,278.0,275.125,275.58,4899140.0
2024-02-06,274.8,276.88,274.03,276.76,4400250.0
2024-02-07,279.38,279.54,277.06,279.39,4785902.0
2024-02-08,279.54,279.66,275.28,275.78,5833409.0
2024-02-09,275.0,277.18,274.09,276.43,4618283.0
2024-02-12,276.43,276.67,274.24,275.07,3676232.0
2024-02-13,273.75,278.0,272.763,275.81,5493833.0
2024-02-14,276.47,277.64,274.71,277.56,4218350.0
2024-02-15,277.655,281.12,277.56,280.98,4834758.0
2024-02-16,280.96,281.12,277.87,278.56,6630744.0
2024-02-20,274.57,276.84,273.34,275.15,6157178.0
2024-02-21,274.63,276.97,273.53,276.76,4771105.0
2024-02-22,279.18,284.06,278.98,283.75,5100191.0
2024-02-23,284.72,285.95,283.5,283.6,5107693.0
2024-02-26,283.04,285.35,282.66,284.15,3856911.0
2024-02-27,284.17,284.17,281.54,283.17,4145383.0
2024-02-28,282.1,286.13,282.085,285.63,4358820.0
2024-02-29,285.5,285.66,282.18,282.64,6633684.0
2024-03-01,283.2,284.91,282.11,283.16,3955728.0
2024-03-04,282.81,283.0,278.13,280.53,5920308.0
2024-03-05,280.27,280.99,277.68,279.38,6228066.0
2024-03-06,280.0,282.0,279.31,280.43,4535185.0
2024-03-07,280.88,281.17,276.16,278.26,5668483.0
2024-03-08,279.0,281.665,278.83,280.04,3929002.0
2024-03-11,279.45,280.77,277.99,280.56,4551187.0
2024-03-12,281.31,284.475,280.29,283.92,7962394.0
2024-03-13,284.66,286.1,283.82,285.14,5661429.0
2024-03-14,288.96,289.0405,284.55,286.41,5448181.0
2024-03-15,283.55,285.63,282.64,283.04,9845181.0
2024-03-18,283.87,286.23,283.25,285.05,4095632.0
2024-03-19,286.66,288.06,285.25,287.35,6595183.0
2024-03-20,287.64,289.87,286.72,289.28,6104955.0
2024-03-21,289.97,290.96,287.9,290.37,5057559.0
2024-03-22,290.0,290.49,282.89,283.26,8744121.0
2024-03-25,283.01,283.5,280.04,281.21,8519433.0
2024-03-26,284.13,284.13,278.41,280.6,8752364.0
2024-03-27,280.25,281.25,276.98,279.02,5190674.0
2024-03-28,278.49,279.8,277.12,279.08,5844358.0
2024-04-01,280.36,280.89,276.79,278.28,5055390.0
2024-04-02,278.0,279.33,276.98,278.44,6780676.0
2024-04-03,280.48,280.48,276.56,276.96,4472635.0
2024-04-04,278.36,279.085,273.56,274.0,4003715.0
2024-04-05,276.1,277.957,275.03,277.14,4368406.0
2024-04-08,276.25,277.98,275.15,277.76,5521086.0
2024-04-09,277.63,278.0,273.32,276.72,7292102.0
2024-04-10,275.42,276.82,274.12,274.48,5276012.0
2024-04-11,274.0,276.48,272.18,275.68,8102293.0
2024-04-12,275.55,277.0,274.055,275.96,9038411.0
2024-04-15,277.89,277.91,270.34,271.28,10267489.0
2024-04-16,270.54,274.13,270.17,271.35,8237131.0
2024-04-17,273.3,274.0,271.5,272.69,5940897.0
2024-04-18,272.57,273.15,269.86,271.37,8231849.0
2024-04-19,271.47,272.0,268.29,269.78,7905368.0
2024-04-22,270.95,273.76,269.36,272.33,6463742.0
2024-04-23,274.01,274.89,272.71,274.11,6438002.0
2024-04-24,282.57,283.0,274.49,275.02,8807157.0
2024-04-25,272.97,276.22,270.49,275.16,8064621.0
2024-04-26,275.01,276.77,273.83,274.52,6840615.0
2024-04-29,272.32,274.47,271.09,271.84,4192247.0
2024-04-30,270.53,272.08,268.585,268.61,6376353.0
2024-05-01,268.15,270.91,266.71,267.32,6125360.0
2024-05-02,269.35,269.47,266.65,267.61,5061698.0
2024-05-03,269.0,269.45,266.5,268.49,3862018.0
2024-05-06,269.65,272.78,269.57,272.67,3958721.0
2024-05-07,273.72,277.88,272.835,276.46,6377080.0
2024-05-08,277.8,278.545,274.915,277.19,9029699.0
2024-05-09,276.8,278.79,276.395,278.54,8948813.0
2024-05-10,279.55,281.03,279.24,280.74,8986581.0
2024-05-13,281.46,282.15,279.1,279.39,10528397.0
2024-05-14,279.44,279.99,274.265,277.74,18526094.0
2024-05-15,277.15,281.73,277.07,281.5,21288365.0
2024-05-16,281.74,282.38,279.26,279.84,10341718.0
2024-05-17,280.05,280.91,278.1,280.1,6177831.0
2024-05-20,279.22,280.27,278.18,278.54,5460901.0
2024-05-21,278.0,278.425,274.88,275.95,6578156.0
2024-05-22,275.53,278.08,275.12,275.58,4202492.0
2024-05-23,275.24,277.44,273.0343,274.23,6115917.0
2024-05-24,275.01,275.24,273.35,274.49,4339967.0
2024-05-28,274.23,274.462,270.23,270.98,6212455.0
2024-05-29,269.0,271.14,268.26,268.86,5469713.0
2024-05-30,268.7,271.64,268.31,271.3,4903071.0
2024-05-31,271.44,272.76,269.01,272.46,8909985.0
2024-06-03,273.09,273.13,268.06,270.38,4838782.0
2024-06-04,269.63,272.99,269.31,272.42,4188515.0
2024-06-05,273.53,274.93,272.02,274.5,5368674.0
2024-06-06,274.8,277.15,274.08,277.04,4862378.0
2024-06-07,277.71,280.335,276.86,278.67,4515795.0
2024-06-10,278.14,278.56,273.38,275.04,5214002.0
2024-06-11,274.54,274.86,272.22,274.67,6244586.0
2024-06-12,276.77,277.6,269.9,270.32,7536636.0
2024-06-13,270.32,271.855,269.316,271.19,7361158.0
2024-06-14,270.1,271.55,269.27,270.66,8537260.0
2024-06-17,269.0,271.83,269.0,271.17,9258209.0
2024-06-18,271.3,273.9,271.3,273.62,6707460.0
2024-06-20,273.19,278.04,273.1,276.82,10164364.0
2024-06-21,277.17,277.54,274.58,275.22,14790151.0
2024-06-24,275.32,280.39,275.27,276.3,24149627.0
2024-06-25,276.85,277.9291,273.53,273.53,19897651.0
2024-06-26,272.91,274.46,271.75,273.6,12171987.0
2024-06-27,268.51,270.59,266.5,266.59,10529083.0
2024-06-28,267.2,268.6,261.25,262.47,13957270.0
2024-07-01,263.79,265.77,261.3,263.24,7955766.0
2024-07-02,263.24,268.23,262.4,268.23,8697811.0
2024-07-03,269.07,269.75,268.15,268.99,5017760.0
2024-07-05,269.0,270.545,268.24,270.36,7986435.0
2024-07-08,270.25,271.44,265.97,266.4,8561140.0
2024-07-09,267.0,267.55,263.92,265.44,6432808.0
2024-07-10,259.12,263.48,258.51,263.0,9635466.0
2024-07-11,262.13,263.63,260.76,262.55,8805194.0
2024-07-12,264.34,267.395,263.66,265.74,6627767.0
2024-07-15,265.67,269.24,265.25,268.45,6845211.0
2024-07-16,268.52,270.21,267.37,269.25,7869921.0
2024-07-17,268.44,272.91,268.24,272.7,5324662.0
2024-07-18,272.29,273.62,268.555,269.15,5550804.0
2024-07-19,270.32,270.95,264.31,265.46,6839933.0
2024-07-22,267.23,268.4,265.02,267.71,5313610.0
2024-07-23,267.53,267.7,263.86,264.79,8109209.0
2024-07-24,256.07,257.2,253.13,254.17,13065893.0
2024-07-25,255.39,258.22,252.7,253.74,8573282.0
2024-07-26,255.59,261.2,255.59,259.46,7062213.0
2024-07-29,260.32,262.705,258.58,261.6,6068109.0
2024-07-30,263.23,264.3,261.01,263.1,5941775.0
2024-07-31,264.54,266.36,264.25,265.67,7642547.0
2024-08-01,266.33,267.0,264.18,265.93,7269671.0
2024-08-02,263.83,267.96,262.88,266.58,7017857.0
2024-08-05,261.45,262.92,254.51,256.44,9631322.0
2024-08-06,256.5,260.49,255.77,258.26,21586816.0
2024-08-07,259.66,262.03,256.31,256.52,12908578.0
2024-08-08,258.13,260.445,257.92,259.83,8223667.0
2024-08-09,259.17,261.52,259.01,259.76,7228127.0
2024-08-12,260.5,261.6,259.24,259.89,26769518.0
2024-08-13,260.13,261.68,259.27,260.13,12005746.0
2024-08-14,260.87,261.5,258.74,261.14,8552272.0
2024-08-15,262.84,267.39,262.84,266.8,7397780.0
2024-08-16,266.85,268.44,265.39,267.38,5111080.0
2024-08-19,267.42,268.3106,265.23,266.47,6555945.0
2024-08-20,267.0,268.04,265.78,268.04,6803575.0
2024-08-21,268.56,269.27,267.39,268.2,6639748.0
2024-08-22,268.94,269.5,266.57,267.94,4425444.0
2024-08-23,268.7,269.21,265.31,267.44,3697448.0
2024-08-26,267.72,270.37,267.67,268.21,4612181.0
2024-08-27,268.52,270.95,267.89,270.72,6594067.0
2024-08-28,271.16,271.98,267.67,269.19,5455098.0
2024-08-29,270.98,275.99,270.45,274.32,5565085.0
2024-08-30,275.0,276.99,274.26,276.37,6296089.0
2024-09-03,276.37,282.09,276.37,278.54,7278250.0
2024-09-04,278.71,281.645,278.7,280.49,6089085.0
2024-09-05,281.0,281.5,277.41,278.62,6447539.0
2024-09-06,277.77,280.28,277.43,279.37,7187805.0
2024-09-09,282.09,286.97,281.65,285.61,10933862.0
2024-09-10,285.93,286.3981,283.57,285.34,5314413.0
2024-09-11,285.02,285.17,278.3,283.96,6281968.0
2024-09-12,284.0,286.0,281.47,285.37,4161170.0
2024-09-13,286.49,288.74,285.55,287.35,4987643.0
2024-09-16,288.05,290.9,287.74,290.48,4458865.0
2024-09-17,290.9,293.07,290.085,291.56,5135913.0
2024-09-18,291.84,292.02,288.13,288.48,5889996.0
2024-09-19,291.09,291.4775,282.87,285.24,10382069.0
2024-09-20,285.5,287.0,283.25,284.77,27810925.0
2024-09-23,284.9,288.88,284.62,288.63,6505632.0
2024-09-24,280.18,281.0,272.71,272.78,13690164.0
2024-09-25,274.19,274.25,268.23,269.63,11671266.0
2024-09-26,270.5,273.24,270.0,271.69,9552507.0
2024-09-27,273.16,277.98,272.78,275.17,6509578.0
2024-09-30,275.0,275.69,273.2,274.95,5971352.0
2024-10-01,276.97,279.06,274.36,277.6,5781564.0
2024-10-02,276.57,277.64,275.37,277.0,4741561.0
2024-10-03,276.67,277.69,275.84,276.86,3036651.0
2024-10-04,277.35,278.44,275.1,277.93,4260920.0
2024-10-07,277.6,277.615,273.24,273.79,4339337.0
2024-10-08,274.71,276.1,274.01,274.96,4370915.0
2024-10-09,275.0,277.49,274.42,276.93,4115807.0
2024-10-10,276.78,277.67,275.35,277.47,4063891.0
2024-10-11,276.04,278.8,275.37,277.84,4746446.0
2024-10-14,279.08,281.3699,277.99,280.68,3996620.0
2024-10-15,281.0,282.64,278.83,279.29,5807021.0
2024-10-16,278.62,287.6,278.35,287.52,9442687.0
2024-10-17,288.57,290.93,287.61,290.39,8815841.0
2024-10-18,289.92,291.04,288.08,290.62,5350923.0
2024-10-21,289.6,290.44,286.33,286.85,6313148.0
2024-10-22,285.05,286.53,283.53,284.79,5736450.0
2024-10-23,286.04,286.055,283.53,283.76,5249255.0
2024-10-24,282.39,283.62,281.73,283.22,4680151.0
2024-10-25,284.0,285.09,280.7801,281.73,4464561.0
2024-10-28,282.04,284.64,281.53,284.19,4306240.0
2024-10-29,284.27,285.7,281.35,281.88,7534759.0
2024-10-30,292.34,295.78,288.33,290.16,9606784.0
2024-10-31,292.09,296.34,289.621,289.85,7950228.0
2024-11-01,288.49,292.67,287.19,290.74,5471088.0
2024-11-04,291.55,293.15,290.76,291.85,4281721.0
2024-11-05,291.71,294.78,291.58,293.29,3753721.0
2024-11-06,306.32,309.0,302.8201,307.4,10320476.0
2024-11-07,307.5,307.63,304.42,305.8,6237348.0
2024-11-08,306.89,311.15,305.69,307.87,6240616.0
2024-11-11,310.09,312.44,309.3,310.92,4674088.0
2024-11-12,309.04,310.55,308.11,309.85,4616616.0
2024-11-13,309.49,310.9485,307.84,309.48,4046544.0
2024-11-14,309.3,311.29,307.83,308.25,4415788.0
2024-11-15,307.56,310.72,306.66,309.64,5106284.0
2024-11-18,309.48,312.41,308.7,312.16,4585944.0
2024-11-19,310.0,312.23,308.51,311.85,4885860.0
2024-11-20,311.86,312.29,306.22,307.39,6350282.0
2024-11-21,307.3,310.92,306.65,309.9,5757406.0
2024-11-22,307.97,311.59,307.9,309.92,5919518.0
2024-11-25,311.86,313.66,309.86,313.19,14189302.0
2024-11-26,314.2,314.5,311.54,311.82,7071592.0
2024-11-27,310.77,316.37,309.49,314.7,5204318.0
2024-11-29,314.29,316.25,313.7,315.08,3853281.0
2024-12-02,316.9,317.42,313.71,316.65,5597635.0
2024-12-03,317.1,317.32,312.77,313.01,5009907.0
2024-12-04,312.42,312.85,308.8,309.9,5981759.0
2024-12-05,309.98,311.09,308.83,309.08,5200052.0
2024-12-06,308.87,312.56,308.8,311.01,4302851.0
2024-12-09,311.83,313.01,307.64,308.3,5785297.0
2024-12-10,307.36,312.98,306.64,312.38,4539827.0
2024-12-11,313.04,315.55,311.215,313.79,4321824.0
2024-12-12,314.82,315.55,313.43,314.23,3218540.0
2024-12-13,315.83,316.95,314.34,314.74,4682543.0
2024-12-16,314.74,317.56,314.1,315.89,6562510.0
2024-12-17,315.82,318.84,315.14,318.3,8844349.0
2024-12-18,318.5,321.615,309.56,309.78,10479177.0
2024-12-19,311.83,316.87,311.23,314.88,8317119.0
2024-12-20,313.57,320.0,312.28,317.71,24387016.0
2024-12-23,315.65,317.97,313.35,317.22,7984610.0
2024-12-24,318.17,321.54,317.28,320.65,2684103.0
2024-12-26,319.77,321.45,319.46,320.91,2856059.0
2024-12-27,319.27,321.5,317.56,318.66,3489200.0
2024-12-30,314.68,317.11,313.23,315.31,3478763.0
2024-12-31,316.12,317.66,315.1901,316.04,3963824.0
